steps,rewards
0,-50.0
50000,-50.0
100000,-50.0
150000,-50.0
200000,-50.0
250000,-50.0
300000,-50.0
350000,-50.0
400000,-50.0
450000,-48.7
500000,-50.0
550000,-45.1
600000,-50.0
650000,-50.0
700000,-46.2
750000,-50.0
800000,-49.4
850000,-49.3
900000,-50.0
950000,-50.0
1000000,-50.0
1050000,-47.6
1100000,-50.0
1150000,-50.0
1200000,-50.0
1250000,-50.0
1300000,-48.3
1350000,-48.8
1400000,-50.0
1450000,-48.7
1500000,-50.0
1550000,-48.8
1600000,-50.0
1650000,-50.0
1700000,-50.0
1750000,-50.0
1800000,-50.0
1850000,-48.3
1900000,-49.9
1950000,-50.0
2000000,-50.0
2050000,-50.0
2100000,-44.3
2150000,-50.0
2200000,-49.6
2250000,-50.0
2300000,-49.7
2350000,-49.8
2400000,-50.0
2450000,-50.0
2500000,-50.0
2550000,-50.0
2600000,-49.5
2650000,-49.4
2700000,-49.8
2750000,-50.0
2800000,-45.0
2850000,-50.0
2900000,-50.0
2950000,-50.0
3000000,-50.0
3050000,-50.0
3100000,-48.3
3150000,-50.0
3200000,-50.0
3250000,-49.9
3300000,-50.0
3350000,-50.0
3400000,-50.0
3450000,-50.0
3500000,-50.0
3550000,-50.0
3600000,-50.0
3650000,-50.0
3700000,-50.0
3750000,-50.0
3800000,-50.0
3850000,-48.7
3900000,-45.2
3950000,-50.0
4000000,-45.0
4050000,-46.1
4100000,-50.0
4150000,-50.0
4200000,-45.3
4250000,-45.4
4300000,-50.0
4350000,-40.5
4400000,-50.0
4450000,-50.0
4500000,-50.0
4550000,-48.2
4600000,-50.0
4650000,-50.0
4700000,-50.0
4750000,-50.0
4800000,-46.6
4850000,-50.0
4900000,-50.0
4950000,-47.3
5000000,-42.7
5050000,-49.4
5100000,-50.0
5150000,-49.5
5200000,-49.3
5250000,-49.5
5300000,-48.6
5350000,-49.2
5400000,-48.9
5450000,-50.0
5500000,-49.1
5550000,-50.0
5600000,-49.4
5650000,-50.0
5700000,-49.6
5750000,-49.6
5800000,-50.0
5850000,-50.0
5900000,-50.0
5950000,-47.3
6000000,-49.5
6050000,-48.3
6100000,-49.7
6150000,-50.0
6200000,-50.0
6250000,-50.0
6300000,-50.0
6350000,-50.0
6400000,-50.0
6450000,-50.0
6500000,-50.0
6550000,-50.0
6600000,-49.7
6650000,-50.0
6700000,-49.5
6750000,-50.0
6800000,-49.7
6850000,-49.9
6900000,-50.0
6950000,-50.0
7000000,-49.9
7050000,-50.0
7100000,-50.0
7150000,-49.8
7200000,-50.0
7250000,-50.0
7300000,-50.0
7350000,-49.7
7400000,-49.7
7450000,-50.0
7500000,-50.0
7550000,-49.8
7600000,-50.0
7650000,-50.0
7700000,-50.0
7750000,-50.0
7800000,-49.9
7850000,-50.0
7900000,-50.0
7950000,-50.0
8000000,-49.9
8050000,-50.0
8100000,-50.0
8150000,-50.0
8200000,-50.0
8250000,-50.0
8300000,-50.0
8350000,-50.0
8400000,-50.0
8450000,-50.0
8500000,-50.0
8550000,-50.0
8600000,-50.0
8650000,-49.8
8700000,-50.0
8750000,-49.9
8800000,-50.0
8850000,-49.9
8900000,-50.0
8950000,-49.7
9000000,-50.0
9050000,-49.8
9100000,-49.8
9150000,-50.0
9200000,-49.8
9250000,-49.9
9300000,-50.0
9350000,-50.0
9400000,-50.0
9450000,-50.0
9500000,-50.0
9550000,-50.0
9600000,-50.0
9650000,-50.0
9700000,-50.0
9750000,-50.0
9800000,-49.8
9850000,-49.8
9900000,-50.0
9950000,-49.9
10000000,-50.0
10050000,-49.8
10100000,-50.0
10150000,-50.0
10200000,-50.0
10250000,-49.7
10300000,-50.0
10350000,-49.7
10400000,-50.0
10450000,-50.0
10500000,-49.9
10550000,-50.0
10600000,-50.0
10650000,-50.0
10700000,-50.0
10750000,-50.0
10800000,-49.7
10850000,-50.0
10900000,-50.0
10950000,-49.7
11000000,-50.0
11050000,-50.0
11100000,-50.0
11150000,-48.7
11200000,-49.9
11250000,-50.0
11300000,-49.8
11350000,-50.0
11400000,-49.6
11450000,-49.7
11500000,-49.7
11550000,-49.9
11600000,-50.0
11650000,-50.0
11700000,-50.0
11750000,-50.0
11800000,-49.9
11850000,-50.0
11900000,-50.0
11950000,-49.8
12000000,-50.0
12050000,-49.8
12100000,-49.9
12150000,-49.7
12200000,-50.0
12250000,-50.0
12300000,-50.0
12350000,-49.9
12400000,-49.9
12450000,-50.0
12500000,-50.0
12550000,-50.0
12600000,-50.0
12650000,-49.7
12700000,-50.0
12750000,-50.0
12800000,-50.0
12850000,-49.7
12900000,-49.9
12950000,-50.0
13000000,-50.0
13050000,-50.0
13100000,-49.8
13150000,-49.8
13200000,-50.0
13250000,-49.9
13300000,-50.0
13350000,-50.0
13400000,-50.0
13450000,-49.9
13500000,-49.7
13550000,-50.0
13600000,-50.0
13650000,-49.8
13700000,-50.0
13750000,-50.0
13800000,-50.0
13850000,-50.0
13900000,-50.0
13950000,-50.0
14000000,-45.1
14050000,-50.0
14100000,-45.2
14150000,-45.5
14200000,-49.9
14250000,-50.0
14300000,-45.3
14350000,-50.0
14400000,-49.4
14450000,-47.9
14500000,-45.2
14550000,-50.0
14600000,-50.0
14650000,-50.0
14700000,-50.0
14750000,-50.0
14800000,-40.2
14850000,-50.0
14900000,-49.5
14950000,-47.2
15000000,-49.9
15050000,-45.5
15100000,-50.0
15150000,-45.4
15200000,-46.1
15250000,-49.8
15300000,-49.6
15350000,-50.0
15400000,-49.9
15450000,-50.0
15500000,-50.0
15550000,-50.0
15600000,-46.4
15650000,-49.9
15700000,-50.0
15750000,-45.8
15800000,-49.8
15850000,-50.0
15900000,-50.0
15950000,-50.0
16000000,-50.0
16050000,-49.7
16100000,-49.8
16150000,-49.8
16200000,-49.9
16250000,-50.0
16300000,-50.0
16350000,-49.9
16400000,-49.7
16450000,-49.2
16500000,-49.5
16550000,-44.0
16600000,-50.0
16650000,-49.2
16700000,-49.7
16750000,-50.0
16800000,-50.0
16850000,-49.3
16900000,-50.0
16950000,-46.5
17000000,-50.0
17050000,-49.9
17100000,-50.0
17150000,-50.0
17200000,-50.0
17250000,-50.0
17300000,-50.0
17350000,-50.0
17400000,-50.0
17450000,-49.8
17500000,-50.0
17550000,-50.0
17600000,-49.9
17650000,-49.9
17700000,-49.9
17750000,-49.8
17800000,-50.0
17850000,-50.0
17900000,-49.9
17950000,-49.8
18000000,-46.2
18050000,-49.8
18100000,-49.9
18150000,-49.2
18200000,-49.9
18250000,-45.6
18300000,-50.0
18350000,-49.7
18400000,-50.0
18450000,-49.8
18500000,-50.0
18550000,-50.0
18600000,-49.8
18650000,-50.0
18700000,-50.0
18750000,-49.6
18800000,-49.9
18850000,-50.0
18900000,-49.9
18950000,-50.0
19000000,-45.6
19050000,-50.0
19100000,-50.0
19150000,-50.0
19200000,-50.0
19250000,-49.6
19300000,-50.0
19350000,-50.0
19400000,-50.0
19450000,-50.0
19500000,-49.9
19550000,-50.0
19600000,-49.7
19650000,-49.7
19700000,-50.0
19750000,-49.9
19800000,-47.4
19850000,-50.0
19900000,-50.0
19950000,-47.4
20000000,-49.9
20050000,-44.9
20100000,-50.0
20150000,-50.0
20200000,-50.0
20250000,-50.0
20300000,-49.9
20350000,-49.4
20400000,-50.0
20450000,-50.0
20500000,-50.0
20550000,-50.0
20600000,-50.0
20650000,-50.0
20700000,-49.8
20750000,-50.0
20800000,-50.0
20850000,-49.9
20900000,-50.0
20950000,-50.0
21000000,-50.0
21050000,-50.0
21100000,-49.9
21150000,-50.0
21200000,-49.8
21250000,-50.0
21300000,-50.0
21350000,-50.0
21400000,-50.0
21450000,-49.9
21500000,-49.9
21550000,-49.9
21600000,-50.0
21650000,-49.9
21700000,-49.9
21750000,-49.5
21800000,-50.0
21850000,-49.8
21900000,-49.9
21950000,-50.0
22000000,-49.9
22050000,-50.0
22100000,-49.7
22150000,-49.9
22200000,-50.0
22250000,-49.9
22300000,-50.0
22350000,-50.0
22400000,-50.0
22450000,-47.3
22500000,-49.9
22550000,-49.8
22600000,-50.0
22650000,-50.0
22700000,-50.0
22750000,-50.0
22800000,-50.0
22850000,-49.7
22900000,-50.0
22950000,-50.0
23000000,-49.0
23050000,-49.8
23100000,-49.8
23150000,-50.0
23200000,-49.9
23250000,-50.0
23300000,-50.0
23350000,-48.2
23400000,-50.0
23450000,-50.0
23500000,-50.0
23550000,-50.0
23600000,-48.5
23650000,-50.0
23700000,-50.0
23750000,-50.0
23800000,-50.0
23850000,-46.9
23900000,-50.0
23950000,-50.0
24000000,-50.0
24050000,-50.0
24100000,-50.0
24150000,-50.0
24200000,-50.0
24250000,-50.0
24300000,-50.0
24350000,-49.8
24400000,-48.5
24450000,-50.0
24500000,-50.0
24550000,-49.6
24600000,-50.0
24650000,-50.0
24700000,-50.0
24750000,-47.3
24800000,-50.0
24850000,-49.8
24900000,-50.0
24950000,-50.0
25000000,-49.9
25050000,-50.0
25100000,-48.5
25150000,-50.0
25200000,-49.8
25250000,-50.0
25300000,-48.4
25350000,-44.7
25400000,-50.0
25450000,-50.0
25500000,-49.9
25550000,-49.9
25600000,-49.9
25650000,-49.9
25700000,-50.0
25750000,-49.9
25800000,-50.0
25850000,-49.8
25900000,-50.0
25950000,-49.9
26000000,-50.0
26050000,-49.9
26100000,-50.0
26150000,-50.0
26200000,-49.8
26250000,-46.5
26300000,-49.8
26350000,-49.9
26400000,-50.0
26450000,-48.4
26500000,-47.3
26550000,-49.9
26600000,-50.0
26650000,-50.0
26700000,-50.0
26750000,-50.0
26800000,-50.0
26850000,-46.7
26900000,-50.0
26950000,-49.9
27000000,-50.0
27050000,-49.9
27100000,-49.8
27150000,-44.1
27200000,-49.7
27250000,-49.7
27300000,-46.6
27350000,-49.8
27400000,-47.5
27450000,-46.6
27500000,-50.0
27550000,-49.9
27600000,-50.0
27650000,-50.0
27700000,-50.0
27750000,-47.3
27800000,-49.7
27850000,-50.0
27900000,-50.0
27950000,-47.1
28000000,-49.9
28050000,-50.0
28100000,-49.6
28150000,-46.3
28200000,-47.2
28250000,-49.8
28300000,-49.8
28350000,-49.4
28400000,-50.0
28450000,-45.5
28500000,-49.8
28550000,-49.8
28600000,-49.7
28650000,-49.8
28700000,-49.8
28750000,-50.0
28800000,-49.5
28850000,-49.3
28900000,-49.9
28950000,-49.2
29000000,-50.0
29050000,-48.2
29100000,-46.5
29150000,-50.0
29200000,-49.6
29250000,-50.0
29300000,-49.8
29350000,-50.0
29400000,-49.9
29450000,-49.1
29500000,-49.9
29550000,-48.9
29600000,-48.8
29650000,-49.5
29700000,-50.0
29750000,-48.9
29800000,-49.4
29850000,-49.3
29900000,-48.6
29950000,-49.2
30000000,-49.3
30050000,-49.1
30100000,-47.0
30150000,-47.4
30200000,-47.3
30250000,-49.1
30300000,-47.3
30350000,-48.2
30400000,-49.8
30450000,-46.4
30500000,-49.2
30550000,-50.0
30600000,-50.0
30650000,-49.2
30700000,-49.3
30750000,-49.3
30800000,-50.0
30850000,-49.6
30900000,-48.8
30950000,-50.0
31000000,-49.5
31050000,-49.3
31100000,-50.0
31150000,-49.3
31200000,-49.8
31250000,-50.0
31300000,-47.6
31350000,-49.4
31400000,-48.7
31450000,-49.7
31500000,-47.7
31550000,-48.6
31600000,-49.7
31650000,-48.1
31700000,-48.5
31750000,-48.9
31800000,-48.9
31850000,-50.0
31900000,-48.8
31950000,-50.0
32000000,-49.1
32050000,-49.2
32100000,-48.9
32150000,-47.7
32200000,-48.3
32250000,-47.8
32300000,-47.5
32350000,-49.1
32400000,-50.0
32450000,-50.0
32500000,-48.8
32550000,-49.2
32600000,-49.5
32650000,-50.0
32700000,-49.6
32750000,-49.5
32800000,-49.4
32850000,-48.6
32900000,-49.4
32950000,-48.7
33000000,-48.2
33050000,-49.8
33100000,-49.4
33150000,-49.2
33200000,-48.5
33250000,-46.6
33300000,-50.0
33350000,-48.3
33400000,-49.9
33450000,-48.0
33500000,-49.7
33550000,-49.9
33600000,-49.3
33650000,-49.1
33700000,-49.9
33750000,-49.2
33800000,-49.4
33850000,-49.3
33900000,-48.7
33950000,-49.0
34000000,-48.3
34050000,-50.0
34100000,-50.0
34150000,-48.0
34200000,-48.5
34250000,-47.4
34300000,-49.3
34350000,-47.9
34400000,-47.6
34450000,-47.9
34500000,-48.6
34550000,-46.9
34600000,-50.0
34650000,-48.4
34700000,-49.7
34750000,-47.6
34800000,-49.0
34850000,-49.3
34900000,-50.0
34950000,-49.9
35000000,-47.7
35050000,-47.3
35100000,-49.3
35150000,-49.2
35200000,-48.3
35250000,-49.0
35300000,-49.4
35350000,-47.6
35400000,-49.9
35450000,-47.5
35500000,-46.8
35550000,-48.4
35600000,-48.9
35650000,-49.9
35700000,-48.1
35750000,-50.0
35800000,-47.8
35850000,-49.0
35900000,-49.4
35950000,-49.4
36000000,-47.6
36050000,-49.1
36100000,-49.2
36150000,-48.2
36200000,-49.7
36250000,-49.2
36300000,-47.8
36350000,-48.2
36400000,-49.7
36450000,-45.8
36500000,-48.2
36550000,-48.4
36600000,-49.4
36650000,-48.6
36700000,-49.3
36750000,-49.8
36800000,-49.2
36850000,-49.3
36900000,-49.2
36950000,-45.7
37000000,-46.8
37050000,-49.9
37100000,-49.7
37150000,-48.5
37200000,-49.1
37250000,-49.6
37300000,-48.1
37350000,-50.0
37400000,-49.7
37450000,-48.9
37500000,-48.9
37550000,-48.2
37600000,-47.7
37650000,-48.7
37700000,-49.0
37750000,-48.1
37800000,-49.3
37850000,-48.9
37900000,-49.0
37950000,-49.5
38000000,-50.0
38050000,-47.1
38100000,-49.2
38150000,-47.9
38200000,-47.9
38250000,-46.8
38300000,-49.3
38350000,-48.5
38400000,-48.2
38450000,-49.1
38500000,-49.0
38550000,-48.9
38600000,-48.3
38650000,-48.0
38700000,-49.4
38750000,-50.0
38800000,-46.1
38850000,-45.2
38900000,-49.2
38950000,-44.4
39000000,-47.8
39050000,-49.3
39100000,-47.9
39150000,-49.8
39200000,-49.3
39250000,-44.1
39300000,-49.8
39350000,-50.0
39400000,-48.8
39450000,-48.8
39500000,-43.4
39550000,-50.0
39600000,-47.5
39650000,-49.8
39700000,-49.7
39750000,-49.2
39800000,-49.6
39850000,-49.7
39900000,-48.7
39950000,-48.8
40000000,-46.5
40050000,-50.0
40100000,-47.9
40150000,-48.7
40200000,-49.8
40250000,-49.4
40300000,-49.9
40350000,-44.7
40400000,-50.0
40450000,-50.0
40500000,-49.1
40550000,-49.4
40600000,-49.1
40650000,-49.3
40700000,-48.7
40750000,-48.2
40800000,-44.2
40850000,-45.9
40900000,-47.8
40950000,-48.1
41000000,-50.0
41050000,-46.0
41100000,-48.6
41150000,-49.9
41200000,-50.0
41250000,-47.1
41300000,-46.6
41350000,-50.0
41400000,-49.7
41450000,-46.8
41500000,-49.7
41550000,-46.3
41600000,-48.6
41650000,-47.4
41700000,-47.8
41750000,-49.0
41800000,-49.9
41850000,-47.4
41900000,-48.0
41950000,-45.7
42000000,-50.0
42050000,-49.3
42100000,-47.0
42150000,-46.1
42200000,-47.1
42250000,-48.8
42300000,-49.2
42350000,-46.4
42400000,-49.0
42450000,-49.2
42500000,-50.0
42550000,-50.0
42600000,-50.0
42650000,-50.0
42700000,-50.0
42750000,-46.9
42800000,-46.4
42850000,-49.4
42900000,-48.9
42950000,-50.0
43000000,-50.0
43050000,-46.5
43100000,-46.8
43150000,-49.6
43200000,-45.0
43250000,-49.4
43300000,-47.0
43350000,-50.0
43400000,-49.5
43450000,-41.8
43500000,-49.5
43550000,-45.3
43600000,-49.9
43650000,-49.1
43700000,-50.0
43750000,-48.6
43800000,-50.0
43850000,-49.4
43900000,-48.4
43950000,-50.0
44000000,-49.8
44050000,-48.6
44100000,-50.0
44150000,-50.0
44200000,-43.7
44250000,-48.0
44300000,-50.0
44350000,-48.8
44400000,-50.0
44450000,-50.0
44500000,-44.2
44550000,-45.9
44600000,-48.9
44650000,-45.2
44700000,-45.9
44750000,-47.3
44800000,-49.9
44850000,-47.3
44900000,-49.3
44950000,-48.6
45000000,-48.3
45050000,-44.3
45100000,-50.0
45150000,-49.5
45200000,-47.5
45250000,-48.8
45300000,-48.6
45350000,-48.4
45400000,-48.5
45450000,-50.0
45500000,-48.7
45550000,-50.0
45600000,-48.8
45650000,-50.0
45700000,-46.5
45750000,-49.3
45800000,-50.0
45850000,-50.0
45900000,-46.1
45950000,-50.0
46000000,-47.4
46050000,-50.0
46100000,-49.9
46150000,-44.4
46200000,-50.0
46250000,-50.0
46300000,-50.0
46350000,-47.9
46400000,-48.2
46450000,-49.0
46500000,-47.6
46550000,-45.0
46600000,-47.5
46650000,-45.9
46700000,-45.0
46750000,-50.0
46800000,-50.0
46850000,-49.8
46900000,-49.7
46950000,-45.6
47000000,-49.8
47050000,-49.9
47100000,-50.0
47150000,-50.0
47200000,-50.0
47250000,-49.9
47300000,-50.0
47350000,-50.0
47400000,-45.1
47450000,-43.3
47500000,-46.7
47550000,-49.7
47600000,-50.0
47650000,-50.0
47700000,-48.8
47750000,-46.7
47800000,-50.0
47850000,-48.1
47900000,-49.7
47950000,-49.8
48000000,-49.6
48050000,-49.8
48100000,-50.0
48150000,-45.0
48200000,-49.7
48250000,-50.0
48300000,-43.9
48350000,-50.0
48400000,-50.0
48450000,-50.0
48500000,-50.0
48550000,-46.0
48600000,-50.0
48650000,-49.4
48700000,-46.1
48750000,-47.2
48800000,-45.0
48850000,-50.0
48900000,-50.0
48950000,-45.0
49000000,-50.0
49050000,-50.0
49100000,-50.0
49150000,-50.0
49200000,-50.0
49250000,-50.0
49300000,-45.0
49350000,-50.0
49400000,-49.7
49450000,-47.6
49500000,-49.8
49550000,-49.9
49600000,-45.5
49650000,-48.6
49700000,-50.0
49750000,-50.0
49800000,-50.0
49850000,-50.0
49900000,-49.5
49950000,-49.6
50000000,-50.0
50050000,-50.0
50100000,-50.0
50150000,-49.7
50200000,-46.5
50250000,-50.0
50300000,-50.0
50350000,-50.0
50400000,-50.0
50450000,-49.7
50500000,-49.9
50550000,-50.0
50600000,-49.1
50650000,-50.0
50700000,-44.4
50750000,-50.0
50800000,-49.2
50850000,-50.0
50900000,-49.7
50950000,-50.0
51000000,-50.0
51050000,-41.0
51100000,-50.0
51150000,-49.8
51200000,-45.2
51250000,-50.0
51300000,-44.6
51350000,-44.9
51400000,-49.9
51450000,-50.0
51500000,-49.7
51550000,-50.0
51600000,-47.4
51650000,-49.7
51700000,-49.9
51750000,-49.8
51800000,-48.8
51850000,-50.0
51900000,-50.0
51950000,-46.2
52000000,-50.0
52050000,-49.6
52100000,-43.0
52150000,-50.0
52200000,-50.0
52250000,-50.0
52300000,-45.1
52350000,-49.6
52400000,-45.2
52450000,-45.5
52500000,-49.7
52550000,-45.0
52600000,-44.7
52650000,-50.0
52700000,-50.0
52750000,-50.0
52800000,-50.0
52850000,-50.0
52900000,-50.0
52950000,-50.0
53000000,-50.0
53050000,-46.8
53100000,-50.0
53150000,-46.0
53200000,-50.0
53250000,-50.0
53300000,-50.0
53350000,-49.6
53400000,-45.9
53450000,-50.0
53500000,-42.9
53550000,-49.2
53600000,-50.0
53650000,-50.0
53700000,-50.0
53750000,-49.1
53800000,-50.0
53850000,-49.4
53900000,-50.0
53950000,-50.0
54000000,-50.0
54050000,-48.5
54100000,-46.2
54150000,-50.0
54200000,-50.0
54250000,-50.0
54300000,-42.8
54350000,-49.5
54400000,-49.2
54450000,-49.7
54500000,-49.8
54550000,-50.0
54600000,-48.8
54650000,-49.8
54700000,-49.3
54750000,-50.0
54800000,-50.0
54850000,-49.6
54900000,-50.0
54950000,-50.0
55000000,-50.0
55050000,-50.0
55100000,-50.0
55150000,-50.0
55200000,-49.7
55250000,-49.7
55300000,-45.0
55350000,-50.0
55400000,-45.6
55450000,-50.0
55500000,-50.0
55550000,-50.0
55600000,-49.4
55650000,-45.4
55700000,-46.0
55750000,-49.2
55800000,-48.9
55850000,-48.9
55900000,-49.8
55950000,-50.0
56000000,-50.0
56050000,-47.5
56100000,-45.2
56150000,-45.6
56200000,-50.0
56250000,-49.8
56300000,-49.9
56350000,-50.0
56400000,-45.9
56450000,-50.0
56500000,-49.6
56550000,-45.3
56600000,-49.1
56650000,-49.6
56700000,-50.0
56750000,-50.0
56800000,-50.0
56850000,-45.2
56900000,-49.2
56950000,-49.4
57000000,-45.8
57050000,-46.6
57100000,-49.9
57150000,-50.0
57200000,-50.0
57250000,-50.0
57300000,-50.0
57350000,-50.0
57400000,-49.0
57450000,-50.0
57500000,-50.0
57550000,-47.3
57600000,-48.1
57650000,-50.0
57700000,-50.0
57750000,-50.0
57800000,-50.0
57850000,-49.7
57900000,-49.3
57950000,-50.0
58000000,-37.8
58050000,-50.0
58100000,-49.7
58150000,-40.9
58200000,-50.0
58250000,-45.9
58300000,-45.3
58350000,-49.6
58400000,-50.0
58450000,-49.1
58500000,-48.8
58550000,-46.6
58600000,-50.0
58650000,-50.0
58700000,-49.2
58750000,-46.2
58800000,-50.0
58850000,-45.0
58900000,-50.0
58950000,-50.0
59000000,-48.9
59050000,-45.7
59100000,-50.0
59150000,-50.0
59200000,-49.6
59250000,-43.3
59300000,-50.0
59350000,-50.0
59400000,-50.0
59450000,-40.1
59500000,-49.7
59550000,-50.0
59600000,-45.4
59650000,-50.0
59700000,-45.8
59750000,-43.3
59800000,-45.4
59850000,-50.0
59900000,-50.0
59950000,-49.8
60000000,-50.0
60050000,-49.8
60100000,-45.1
60150000,-45.1
60200000,-45.7
60250000,-49.8
60300000,-49.4
60350000,-50.0
60400000,-50.0
60450000,-50.0
60500000,-50.0
60550000,-49.8
60600000,-50.0
60650000,-50.0
60700000,-45.2
60750000,-50.0
60800000,-50.0
60850000,-50.0
60900000,-49.8
60950000,-39.8
61000000,-50.0
61050000,-50.0
61100000,-50.0
61150000,-45.4
61200000,-50.0
61250000,-49.2
61300000,-45.9
61350000,-49.3
61400000,-50.0
61450000,-50.0
61500000,-50.0
61550000,-49.7
61600000,-45.0
61650000,-48.5
61700000,-50.0
61750000,-50.0
61800000,-45.8
61850000,-44.6
61900000,-49.0
61950000,-47.4
62000000,-49.5
62050000,-45.7
62100000,-50.0
62150000,-45.3
62200000,-50.0
62250000,-49.7
62300000,-50.0
62350000,-49.9
62400000,-50.0
62450000,-45.5
62500000,-49.0
62550000,-50.0
62600000,-49.6
62650000,-49.9
62700000,-50.0
62750000,-50.0
62800000,-49.8
62850000,-45.6
62900000,-42.7
62950000,-50.0
63000000,-50.0
63050000,-45.5
63100000,-50.0
63150000,-50.0
63200000,-50.0
63250000,-49.7
63300000,-50.0
63350000,-49.8
63400000,-49.8
63450000,-49.8
63500000,-50.0
63550000,-50.0
63600000,-50.0
63650000,-49.9
63700000,-50.0
63750000,-50.0
63800000,-50.0
63850000,-50.0
63900000,-50.0
63950000,-50.0
64000000,-49.8
64050000,-48.6
64100000,-49.7
64150000,-44.1
64200000,-46.4
64250000,-50.0
64300000,-50.0
64350000,-47.6
64400000,-50.0
64450000,-50.0
64500000,-50.0
64550000,-50.0
64600000,-46.3
64650000,-50.0
64700000,-50.0
64750000,-50.0
64800000,-49.6
64850000,-50.0
64900000,-50.0
64950000,-40.9
65000000,-50.0
65050000,-44.4
65100000,-50.0
65150000,-50.0
65200000,-48.2
65250000,-49.7
65300000,-50.0
65350000,-49.3
65400000,-49.9
65450000,-50.0
65500000,-45.5
65550000,-50.0
65600000,-49.7
65650000,-50.0
65700000,-50.0
65750000,-49.0
65800000,-50.0
65850000,-49.8
65900000,-46.1
65950000,-47.1
66000000,-50.0
66050000,-49.7
66100000,-50.0
66150000,-49.7
66200000,-49.8
66250000,-50.0
66300000,-50.0
66350000,-40.6
66400000,-48.5
66450000,-45.1
66500000,-50.0
66550000,-50.0
66600000,-49.7
66650000,-50.0
66700000,-49.4
66750000,-48.6
66800000,-50.0
66850000,-49.7
66900000,-48.5
66950000,-50.0
67000000,-45.4
67050000,-48.8
67100000,-45.7
67150000,-45.6
67200000,-49.5
67250000,-45.7
67300000,-49.2
67350000,-49.8
67400000,-49.9
67450000,-49.5
67500000,-50.0
67550000,-50.0
67600000,-49.8
67650000,-50.0
67700000,-45.0
67750000,-48.9
67800000,-49.9
67850000,-49.7
67900000,-49.9
67950000,-50.0
68000000,-50.0
68050000,-50.0
68100000,-50.0
68150000,-48.6
68200000,-50.0
68250000,-45.4
68300000,-49.6
68350000,-49.6
68400000,-49.7
68450000,-44.8
68500000,-50.0
68550000,-49.7
68600000,-49.1
68650000,-45.6
68700000,-49.8
68750000,-50.0
68800000,-49.9
68850000,-50.0
68900000,-46.0
68950000,-48.4
69000000,-50.0
69050000,-50.0
69100000,-45.5
69150000,-49.5
69200000,-46.7
69250000,-50.0
69300000,-44.9
69350000,-46.7
69400000,-50.0
69450000,-49.2
69500000,-49.0
69550000,-49.7
69600000,-49.1
69650000,-50.0
69700000,-49.7
69750000,-45.0
69800000,-50.0
69850000,-50.0
69900000,-46.4
69950000,-50.0
70000000,-50.0
70050000,-50.0
70100000,-41.5
70150000,-49.8
70200000,-50.0
70250000,-49.9
70300000,-50.0
70350000,-50.0
70400000,-46.4
70450000,-46.0
70500000,-50.0
70550000,-50.0
70600000,-49.6
70650000,-50.0
70700000,-42.1
70750000,-45.5
70800000,-50.0
70850000,-45.9
70900000,-46.9
70950000,-46.4
71000000,-50.0
71050000,-50.0
71100000,-50.0
71150000,-50.0
71200000,-50.0
71250000,-45.8
71300000,-50.0
71350000,-50.0
71400000,-49.2
71450000,-50.0
71500000,-50.0
71550000,-49.7
71600000,-45.9
71650000,-50.0
71700000,-50.0
71750000,-48.9
71800000,-49.0
71850000,-50.0
71900000,-49.3
71950000,-48.7
72000000,-45.5
72050000,-45.5
72100000,-49.7
72150000,-49.7
72200000,-50.0
72250000,-45.4
72300000,-46.1
72350000,-50.0
72400000,-50.0
72450000,-50.0
72500000,-49.1
72550000,-48.6
72600000,-50.0
72650000,-49.7
72700000,-50.0
72750000,-45.4
72800000,-50.0
72850000,-45.6
72900000,-50.0
72950000,-50.0
73000000,-50.0
73050000,-46.2
73100000,-50.0
73150000,-49.6
73200000,-49.9
73250000,-46.1
73300000,-49.5
73350000,-49.0
73400000,-49.7
73450000,-42.7
73500000,-46.8
73550000,-50.0
73600000,-50.0
73650000,-49.4
73700000,-50.0
73750000,-50.0
73800000,-45.9
73850000,-49.8
73900000,-48.9
73950000,-50.0
74000000,-50.0
74050000,-49.0
74100000,-45.5
74150000,-50.0
74200000,-49.7
74250000,-48.5
74300000,-49.2
74350000,-47.7
74400000,-45.3
74450000,-49.9
74500000,-49.7
74550000,-50.0
74600000,-50.0
74650000,-50.0
74700000,-50.0
74750000,-47.6
74800000,-50.0
74850000,-50.0
74900000,-50.0
74950000,-49.8
75000000,-50.0
75050000,-45.2
75100000,-49.5
75150000,-49.9
75200000,-50.0
75250000,-50.0
75300000,-49.9
75350000,-49.8
75400000,-46.2
75450000,-45.7
75500000,-50.0
75550000,-49.4
75600000,-49.8
75650000,-50.0
75700000,-49.9
75750000,-50.0
75800000,-50.0
75850000,-50.0
75900000,-49.9
75950000,-49.5
76000000,-49.9
76050000,-49.7
76100000,-49.9
76150000,-49.4
76200000,-45.5
76250000,-50.0
76300000,-49.4
76350000,-46.5
76400000,-50.0
76450000,-47.5
76500000,-46.0
76550000,-49.2
76600000,-45.8
76650000,-50.0
76700000,-50.0
76750000,-50.0
76800000,-50.0
76850000,-46.5
76900000,-50.0
76950000,-50.0
77000000,-45.2
77050000,-50.0
77100000,-45.4
77150000,-45.7
77200000,-50.0
77250000,-50.0
77300000,-49.5
77350000,-50.0
77400000,-47.0
77450000,-45.4
77500000,-50.0
77550000,-49.3
77600000,-49.8
77650000,-50.0
77700000,-50.0
77750000,-49.8
77800000,-49.9
77850000,-50.0
77900000,-50.0
77950000,-49.9
78000000,-49.9
78050000,-45.9
78100000,-46.0
78150000,-49.6
78200000,-50.0
78250000,-49.7
78300000,-49.5
78350000,-50.0
78400000,-49.8
78450000,-49.8
78500000,-45.3
78550000,-50.0
78600000,-49.8
78650000,-50.0
78700000,-50.0
78750000,-45.3
78800000,-50.0
78850000,-50.0
78900000,-50.0
78950000,-49.9
79000000,-48.5
79050000,-50.0
79100000,-45.4
79150000,-49.9
79200000,-50.0
79250000,-49.7
79300000,-49.8
79350000,-49.7
79400000,-46.4
79450000,-45.5
79500000,-50.0
79550000,-41.8
79600000,-50.0
79650000,-49.9
79700000,-49.6
79750000,-49.7
79800000,-50.0
79850000,-45.6
79900000,-49.9
79950000,-50.0
80000000,-45.5
80050000,-50.0
80100000,-50.0
80150000,-50.0
80200000,-49.4
80250000,-46.2
80300000,-50.0
80350000,-48.8
80400000,-49.4
80450000,-49.9
80500000,-49.4
80550000,-45.7
80600000,-45.2
80650000,-45.8
80700000,-41.9
80750000,-50.0
80800000,-45.4
80850000,-50.0
80900000,-46.9
80950000,-50.0
81000000,-45.8
81050000,-50.0
81100000,-50.0
81150000,-50.0
81200000,-50.0
81250000,-49.5
81300000,-49.2
81350000,-50.0
81400000,-50.0
81450000,-49.9
81500000,-50.0
81550000,-49.7
81600000,-49.2
81650000,-50.0
81700000,-50.0
81750000,-50.0
81800000,-50.0
81850000,-49.5
81900000,-45.4
81950000,-50.0
82000000,-49.5
82050000,-46.1
82100000,-50.0
82150000,-49.6
82200000,-46.2
82250000,-48.2
82300000,-50.0
82350000,-50.0
82400000,-49.2
82450000,-50.0
82500000,-49.5
82550000,-50.0
82600000,-50.0
82650000,-49.9
82700000,-50.0
82750000,-50.0
82800000,-49.9
82850000,-47.4
82900000,-49.8
82950000,-49.9
83000000,-49.2
83050000,-46.4
83100000,-50.0
83150000,-46.5
83200000,-50.0
83250000,-46.4
83300000,-44.0
83350000,-49.3
83400000,-45.8
83450000,-44.3
83500000,-50.0
83550000,-49.7
83600000,-50.0
83650000,-46.0
83700000,-49.8
83750000,-50.0
83800000,-46.2
83850000,-50.0
83900000,-50.0
83950000,-49.9
84000000,-50.0
84050000,-45.3
84100000,-50.0
84150000,-48.9
84200000,-50.0
84250000,-50.0
84300000,-46.4
84350000,-44.9
84400000,-50.0
84450000,-49.7
84500000,-50.0
84550000,-45.4
84600000,-50.0
84650000,-50.0
84700000,-49.0
84750000,-50.0
84800000,-45.0
84850000,-50.0
84900000,-50.0
84950000,-45.5
85000000,-47.5
85050000,-50.0
85100000,-45.9
85150000,-48.9
85200000,-49.9
85250000,-50.0
85300000,-46.4
85350000,-49.9
85400000,-43.0
85450000,-49.2
85500000,-50.0
85550000,-50.0
85600000,-49.8
85650000,-45.8
85700000,-45.9
85750000,-50.0
85800000,-47.6
85850000,-49.7
85900000,-48.6
85950000,-49.7
86000000,-49.7
86050000,-50.0
86100000,-49.2
86150000,-45.4
86200000,-49.4
86250000,-49.9
86300000,-46.5
86350000,-50.0
86400000,-45.3
86450000,-50.0
86500000,-49.8
86550000,-49.8
86600000,-48.6
86650000,-48.0
86700000,-46.5
86750000,-50.0
86800000,-49.8
86850000,-49.6
86900000,-50.0
86950000,-50.0
87000000,-49.8
87050000,-50.0
87100000,-49.9
87150000,-50.0
87200000,-48.8
87250000,-49.5
87300000,-50.0
87350000,-46.4
87400000,-49.9
87450000,-45.7
87500000,-50.0
87550000,-43.2
87600000,-48.3
87650000,-44.0
87700000,-50.0
87750000,-49.8
87800000,-49.7
87850000,-49.8
87900000,-43.2
87950000,-49.8
88000000,-46.7
88050000,-50.0
88100000,-48.9
88150000,-49.8
88200000,-46.3
88250000,-44.7
88300000,-50.0
88350000,-49.5
88400000,-48.2
88450000,-50.0
88500000,-47.8
88550000,-49.7
88600000,-45.3
88650000,-50.0
88700000,-50.0
88750000,-50.0
88800000,-48.9
88850000,-50.0
88900000,-50.0
88950000,-47.7
89000000,-49.7
89050000,-50.0
89100000,-49.9
89150000,-44.8
89200000,-49.9
89250000,-50.0
89300000,-47.5
89350000,-49.5
89400000,-49.1
89450000,-45.7
89500000,-49.4
89550000,-49.8
89600000,-49.1
89650000,-50.0
89700000,-47.8
89750000,-49.9
89800000,-50.0
89850000,-47.6
89900000,-47.3
89950000,-50.0
90000000,-48.0
90050000,-46.9
90100000,-47.0
90150000,-48.9
90200000,-49.5
90250000,-50.0
90300000,-49.9
90350000,-49.8
90400000,-49.4
90450000,-50.0
90500000,-50.0
90550000,-49.7
90600000,-48.8
90650000,-50.0
90700000,-50.0
90750000,-46.6
90800000,-50.0
90850000,-50.0
90900000,-50.0
90950000,-50.0
91000000,-46.2
91050000,-50.0
91100000,-48.6
91150000,-50.0
91200000,-49.6
91250000,-49.7
91300000,-49.6
91350000,-47.9
91400000,-48.5
91450000,-50.0
91500000,-50.0
91550000,-49.9
91600000,-50.0
91650000,-45.6
91700000,-50.0
91750000,-48.8
91800000,-49.2
91850000,-48.4
91900000,-50.0
91950000,-49.8
92000000,-49.2
92050000,-50.0
92100000,-49.6
92150000,-50.0
92200000,-49.4
92250000,-49.4
92300000,-48.2
92350000,-43.2
92400000,-50.0
92450000,-49.4
92500000,-48.7
92550000,-50.0
92600000,-50.0
92650000,-50.0
92700000,-47.8
92750000,-49.1
92800000,-49.8
92850000,-50.0
92900000,-49.7
92950000,-48.3
93000000,-49.4
93050000,-46.4
93100000,-48.3
93150000,-50.0
93200000,-47.1
93250000,-48.1
93300000,-47.8
93350000,-50.0
93400000,-49.9
93450000,-46.3
93500000,-49.7
93550000,-50.0
93600000,-49.9
93650000,-49.8
93700000,-49.9
93750000,-50.0
93800000,-49.9
93850000,-49.7
93900000,-49.4
93950000,-50.0
94000000,-49.7
94050000,-48.2
94100000,-49.8
94150000,-49.7
94200000,-45.9
94250000,-45.6
94300000,-50.0
94350000,-49.0
94400000,-46.8
94450000,-50.0
94500000,-49.7
94550000,-48.5
94600000,-49.5
94650000,-50.0
94700000,-49.8
94750000,-47.4
94800000,-49.8
94850000,-49.1
94900000,-49.0
94950000,-50.0
95000000,-49.5
95050000,-50.0
95100000,-50.0
95150000,-50.0
95200000,-49.9
95250000,-50.0
95300000,-50.0
95350000,-50.0
95400000,-49.9
95450000,-50.0
95500000,-50.0
95550000,-49.9
95600000,-50.0
95650000,-50.0
95700000,-45.4
95750000,-50.0
95800000,-47.3
95850000,-50.0
95900000,-50.0
95950000,-50.0
96000000,-50.0
96050000,-49.2
96100000,-50.0
96150000,-50.0
96200000,-47.7
96250000,-50.0
96300000,-50.0
96350000,-50.0
96400000,-49.2
96450000,-49.0
96500000,-45.9
96550000,-50.0
96600000,-49.2
96650000,-50.0
96700000,-47.3
96750000,-50.0
96800000,-48.4
96850000,-48.0
96900000,-50.0
96950000,-50.0
97000000,-44.4
97050000,-49.9
97100000,-49.5
97150000,-46.5
97200000,-50.0
97250000,-49.8
97300000,-50.0
97350000,-47.4
97400000,-49.0
97450000,-44.1
97500000,-43.1
97550000,-42.8
97600000,-45.2
97650000,-49.8
97700000,-49.5
97750000,-44.6
97800000,-50.0
97850000,-50.0
97900000,-45.2
97950000,-50.0
98000000,-48.0
98050000,-50.0
98100000,-50.0
98150000,-48.1
98200000,-49.7
98250000,-50.0
98300000,-47.1
98350000,-49.9
98400000,-49.7
98450000,-48.9
98500000,-48.0
98550000,-47.4
98600000,-49.9
98650000,-49.9
98700000,-48.5
98750000,-49.5
98800000,-50.0
98850000,-50.0
98900000,-48.6
98950000,-48.5
99000000,-50.0
99050000,-47.4
99100000,-48.4
99150000,-46.2
99200000,-47.9
99250000,-50.0
99300000,-50.0
99350000,-48.7
99400000,-45.5
99450000,-49.8
99500000,-50.0
99550000,-50.0
99600000,-50.0
99650000,-47.5
99700000,-50.0
99750000,-47.9
99800000,-48.8
99850000,-49.8
99900000,-49.6
99950000,-49.9
