steps,rewards,times
0,-50.0,2023-05-07 14:20:09.151281
50000,-50.0,2023-05-07 14:20:12.428280
100000,-50.0,2023-05-07 14:20:15.507280
150000,-50.0,2023-05-07 14:20:18.485780
200000,-50.0,2023-05-07 14:20:21.231279
250000,-50.0,2023-05-07 14:20:24.108281
300000,-50.0,2023-05-07 14:20:26.779780
350000,-45.0,2023-05-07 14:20:29.411280
400000,-50.0,2023-05-07 14:20:32.155779
450000,-50.0,2023-05-07 14:20:34.687780
500000,-50.0,2023-05-07 14:20:37.296781
550000,-50.0,2023-05-07 14:20:40.340280
600000,-45.0,2023-05-07 14:20:43.163280
650000,-50.0,2023-05-07 14:20:45.816781
700000,-50.0,2023-05-07 14:20:48.497780
750000,-50.0,2023-05-07 14:20:51.199780
800000,-50.0,2023-05-07 14:20:53.976780
850000,-50.0,2023-05-07 14:20:56.607279
900000,-50.0,2023-05-07 14:20:59.225280
950000,-50.0,2023-05-07 14:21:01.919279
1000000,-50.0,2023-05-07 14:21:04.624284
1050000,-45.0,2023-05-07 14:21:07.301780
1100000,-50.0,2023-05-07 14:21:09.906779
1150000,-50.0,2023-05-07 14:21:12.823780
1200000,-45.0,2023-05-07 14:21:15.542780
1250000,-45.0,2023-05-07 14:21:18.106280
1300000,-50.0,2023-05-07 14:21:20.655780
1350000,-50.0,2023-05-07 14:21:23.164279
1400000,-50.0,2023-05-07 14:21:25.805780
1450000,-50.0,2023-05-07 14:21:28.498780
1500000,-50.0,2023-05-07 14:21:31.174779
1550000,-50.0,2023-05-07 14:21:34.011279
1600000,-50.0,2023-05-07 14:21:36.811283
1650000,-50.0,2023-05-07 14:21:39.414783
1700000,-50.0,2023-05-07 14:21:42.100780
1750000,-50.0,2023-05-07 14:21:44.769781
1800000,-45.0,2023-05-07 14:21:47.337780
1850000,-50.0,2023-05-07 14:21:49.924283
1900000,-50.0,2023-05-07 14:21:52.527280
1950000,-45.0,2023-05-07 14:21:55.239779
2000000,-50.0,2023-05-07 14:21:57.856280
2050000,-50.0,2023-05-07 14:22:00.532780
2100000,-50.0,2023-05-07 14:22:03.242279
2150000,-50.0,2023-05-07 14:22:05.845279
2200000,-45.0,2023-05-07 14:22:08.483280
2250000,-50.0,2023-05-07 14:22:11.135781
2300000,-50.0,2023-05-07 14:22:13.894280
2350000,-50.0,2023-05-07 14:22:16.502280
2400000,-50.0,2023-05-07 14:22:19.016280
2450000,-50.0,2023-05-07 14:22:21.607780
2500000,-50.0,2023-05-07 14:22:24.306281
2550000,-50.0,2023-05-07 14:22:26.783280
2600000,-50.0,2023-05-07 14:22:29.418281
2650000,-50.0,2023-05-07 14:22:32.026781
2700000,-50.0,2023-05-07 14:22:34.729280
2750000,-50.0,2023-05-07 14:22:37.518281
2800000,-50.0,2023-05-07 14:22:40.148281
2850000,-50.0,2023-05-07 14:22:42.693781
2900000,-45.0,2023-05-07 14:22:45.373780
2950000,-50.0,2023-05-07 14:22:48.039781
3000000,-45.0,2023-05-07 14:22:50.632281
3050000,-45.0,2023-05-07 14:22:53.296780
3100000,-45.0,2023-05-07 14:22:55.984781
3150000,-50.0,2023-05-07 14:22:58.750781
3200000,-50.0,2023-05-07 14:23:01.337281
3250000,-50.0,2023-05-07 14:23:03.927283
3300000,-50.0,2023-05-07 14:23:06.552280
3350000,-50.0,2023-05-07 14:23:09.319281
3400000,-50.0,2023-05-07 14:23:11.939780
3450000,-50.0,2023-05-07 14:23:14.571281
3500000,-50.0,2023-05-07 14:23:17.261281
3550000,-45.0,2023-05-07 14:23:19.898282
3600000,-45.0,2023-05-07 14:23:22.488780
3650000,-50.0,2023-05-07 14:23:25.179281
3700000,-50.0,2023-05-07 14:23:27.698780
3750000,-45.0,2023-05-07 14:23:30.295780
3800000,-50.0,2023-05-07 14:23:32.841279
3850000,-45.0,2023-05-07 14:23:35.369783
3900000,-45.0,2023-05-07 14:23:38.051280
3950000,-45.0,2023-05-07 14:23:40.597780
4000000,-50.0,2023-05-07 14:23:43.220279
4050000,-50.0,2023-05-07 14:23:45.892786
4100000,-50.0,2023-05-07 14:23:48.584280
4150000,-50.0,2023-05-07 14:23:51.331779
4200000,-50.0,2023-05-07 14:23:53.988780
4250000,-50.0,2023-05-07 14:23:56.667782
4300000,-45.0,2023-05-07 14:23:59.540780
4350000,-50.0,2023-05-07 14:24:02.196780
4400000,-50.0,2023-05-07 14:24:04.744280
4450000,-50.0,2023-05-07 14:24:07.309780
4500000,-50.0,2023-05-07 14:24:10.100780
4550000,-50.0,2023-05-07 14:24:12.631283
4600000,-50.0,2023-05-07 14:24:15.255780
4650000,-50.0,2023-05-07 14:24:18.069280
4700000,-50.0,2023-05-07 14:24:20.628279
4750000,-50.0,2023-05-07 14:24:23.193281
4800000,-45.0,2023-05-07 14:24:26.028280
4850000,-45.0,2023-05-07 14:24:28.731280
4900000,-45.0,2023-05-07 14:24:31.261781
4950000,-50.0,2023-05-07 14:24:33.927781
5000000,-50.0,2023-05-07 14:24:36.601279
5050000,-50.0,2023-05-07 14:24:39.266280
5100000,-50.0,2023-05-07 14:24:42.003279
5150000,-50.0,2023-05-07 14:24:44.646280
5200000,-50.0,2023-05-07 14:24:47.461781
5250000,-50.0,2023-05-07 14:24:50.223780
5300000,-50.0,2023-05-07 14:24:52.894779
5350000,-50.0,2023-05-07 14:24:55.489780
5400000,-50.0,2023-05-07 14:24:58.201281
5450000,-50.0,2023-05-07 14:25:00.769781
5500000,-45.0,2023-05-07 14:25:03.528279
5550000,-50.0,2023-05-07 14:25:06.204280
5600000,-50.0,2023-05-07 14:25:08.870783
5650000,-50.0,2023-05-07 14:25:11.499780
5700000,-45.0,2023-05-07 14:25:14.112782
5750000,-50.0,2023-05-07 14:25:16.633779
5800000,-45.0,2023-05-07 14:25:19.209780
5850000,-50.0,2023-05-07 14:25:21.943780
5900000,-45.0,2023-05-07 14:25:24.460279
5950000,-45.0,2023-05-07 14:25:27.064280
6000000,-50.0,2023-05-07 14:25:29.899280
6050000,-50.0,2023-05-07 14:25:32.555780
6100000,-45.0,2023-05-07 14:25:35.132279
6150000,-45.0,2023-05-07 14:25:37.777280
6200000,-45.0,2023-05-07 14:25:40.315280
6250000,-50.0,2023-05-07 14:25:42.965779
6300000,-50.0,2023-05-07 14:25:45.656281
6350000,-50.0,2023-05-07 14:25:48.276281
6400000,-50.0,2023-05-07 14:25:50.824780
6450000,-50.0,2023-05-07 14:25:53.515781
6500000,-50.0,2023-05-07 14:25:56.175280
6550000,-45.0,2023-05-07 14:25:58.814779
6600000,-45.0,2023-05-07 14:26:01.701780
6650000,-45.0,2023-05-07 14:26:04.390781
6700000,-50.0,2023-05-07 14:26:06.958781
6750000,-50.0,2023-05-07 14:26:09.608781
6800000,-45.0,2023-05-07 14:26:12.153280
6850000,-50.0,2023-05-07 14:26:14.683279
6900000,-50.0,2023-05-07 14:26:17.313780
6950000,-50.0,2023-05-07 14:26:19.852279
7000000,-50.0,2023-05-07 14:26:22.484279
7050000,-50.0,2023-05-07 14:26:25.085783
7100000,-45.0,2023-05-07 14:26:27.627782
7150000,-45.0,2023-05-07 14:26:30.294780
7200000,-50.0,2023-05-07 14:26:32.935279
7250000,-50.0,2023-05-07 14:26:35.504780
7300000,-45.0,2023-05-07 14:26:38.125779
7350000,-50.0,2023-05-07 14:26:40.924280
7400000,-45.0,2023-05-07 14:26:43.565780
7450000,-45.0,2023-05-07 14:26:46.374781
7500000,-50.0,2023-05-07 14:26:48.973283
7550000,-50.0,2023-05-07 14:26:51.495780
7600000,-45.0,2023-05-07 14:26:54.090780
7650000,-45.0,2023-05-07 14:26:56.595280
7700000,-45.0,2023-05-07 14:26:59.109280
7750000,-50.0,2023-05-07 14:27:01.854780
7800000,-50.0,2023-05-07 14:27:04.597780
7850000,-50.0,2023-05-07 14:27:07.148783
7900000,-50.0,2023-05-07 14:27:09.764282
7950000,-45.0,2023-05-07 14:27:12.388283
8000000,-50.0,2023-05-07 14:27:15.012282
8050000,-40.0,2023-05-07 14:27:17.542284
8100000,-50.0,2023-05-07 14:27:20.115279
8150000,-50.0,2023-05-07 14:27:22.620280
8200000,-50.0,2023-05-07 14:27:25.376280
8250000,-50.0,2023-05-07 14:27:27.860280
8300000,-50.0,2023-05-07 14:27:30.454779
8350000,-50.0,2023-05-07 14:27:33.001780
8400000,-50.0,2023-05-07 14:27:35.478779
8450000,-50.0,2023-05-07 14:27:38.106781
8500000,-45.0,2023-05-07 14:27:40.667281
8550000,-45.0,2023-05-07 14:27:43.112780
8600000,-50.0,2023-05-07 14:27:45.934280
8650000,-40.0,2023-05-07 14:27:48.299280
8700000,-50.0,2023-05-07 14:27:50.666779
8750000,-50.0,2023-05-07 14:27:53.164780
8800000,-50.0,2023-05-07 14:27:55.680780
8850000,-45.0,2023-05-07 14:27:58.165779
8900000,-50.0,2023-05-07 14:28:00.544282
8950000,-40.0,2023-05-07 14:28:02.841779
9000000,-45.0,2023-05-07 14:28:05.484280
9050000,-40.0,2023-05-07 14:28:08.010280
9100000,-45.0,2023-05-07 14:28:10.639283
9150000,-50.0,2023-05-07 14:28:13.213780
9200000,-50.0,2023-05-07 14:28:15.771782
9250000,-45.0,2023-05-07 14:28:18.357781
9300000,-45.0,2023-05-07 14:28:20.965782
9350000,-50.0,2023-05-07 14:28:23.647279
9400000,-50.0,2023-05-07 14:28:26.284280
9450000,-50.0,2023-05-07 14:28:28.942280
9500000,-50.0,2023-05-07 14:28:31.453280
9550000,-50.0,2023-05-07 14:28:34.049781
9600000,-40.0,2023-05-07 14:28:36.841280
9650000,-50.0,2023-05-07 14:28:39.466780
9700000,-50.0,2023-05-07 14:28:41.899279
9750000,-50.0,2023-05-07 14:28:44.587781
9800000,-50.0,2023-05-07 14:28:47.275279
9850000,-50.0,2023-05-07 14:28:49.762780
9900000,-50.0,2023-05-07 14:28:52.316781
9950000,-45.0,2023-05-07 14:28:54.969280
10000000,-50.0,2023-05-07 14:28:57.673281
10050000,-50.0,2023-05-07 14:29:00.200283
10100000,-50.0,2023-05-07 14:29:02.741780
10150000,-50.0,2023-05-07 14:29:05.445780
10200000,-50.0,2023-05-07 14:29:08.163280
10250000,-50.0,2023-05-07 14:29:10.818779
10300000,-50.0,2023-05-07 14:29:13.492781
10350000,-45.0,2023-05-07 14:29:16.265280
10400000,-50.0,2023-05-07 14:29:18.863280
10450000,-45.0,2023-05-07 14:29:21.597280
10500000,-50.0,2023-05-07 14:29:24.321780
10550000,-50.0,2023-05-07 14:29:27.198280
10600000,-45.0,2023-05-07 14:29:29.876280
10650000,-50.0,2023-05-07 14:29:32.492781
10700000,-50.0,2023-05-07 14:29:35.208281
10750000,-50.0,2023-05-07 14:29:37.858781
10800000,-45.0,2023-05-07 14:29:40.508780
10850000,-50.0,2023-05-07 14:29:43.209781
10900000,-40.0,2023-05-07 14:29:45.875779
10950000,-50.0,2023-05-07 14:29:48.662281
11000000,-50.0,2023-05-07 14:29:51.426780
11050000,-50.0,2023-05-07 14:29:54.206780
11100000,-50.0,2023-05-07 14:29:56.983281
11150000,-50.0,2023-05-07 14:30:00.019279
11200000,-50.0,2023-05-07 14:30:02.721781
11250000,-50.0,2023-05-07 14:30:05.574279
11300000,-50.0,2023-05-07 14:30:08.468780
11350000,-50.0,2023-05-07 14:30:11.239281
11400000,-47.5,2023-05-07 14:30:13.902280
11450000,-50.0,2023-05-07 14:30:16.807280
11500000,-45.0,2023-05-07 14:30:19.861280
11550000,-50.0,2023-05-07 14:30:22.715780
11600000,-50.0,2023-05-07 14:30:25.532279
11650000,-50.0,2023-05-07 14:30:28.334781
11700000,-50.0,2023-05-07 14:30:31.098279
11750000,-50.0,2023-05-07 14:30:33.771782
11800000,-50.0,2023-05-07 14:30:36.576279
11850000,-50.0,2023-05-07 14:30:39.440284
11900000,-50.0,2023-05-07 14:30:42.128779
11950000,-50.0,2023-05-07 14:30:44.795280
12000000,-45.0,2023-05-07 14:30:47.556780
12050000,-50.0,2023-05-07 14:30:50.300780
12100000,-42.9,2023-05-07 14:30:52.850780
12150000,-42.1,2023-05-07 14:30:55.555282
12200000,-50.0,2023-05-07 14:30:58.472782
12250000,-45.0,2023-05-07 14:31:01.118780
12300000,-50.0,2023-05-07 14:31:03.728279
12350000,-50.0,2023-05-07 14:31:06.255280
12400000,-50.0,2023-05-07 14:31:09.106281
12450000,-50.0,2023-05-07 14:31:11.748783
12500000,-50.0,2023-05-07 14:31:14.362281
12550000,-50.0,2023-05-07 14:31:17.097280
12600000,-50.0,2023-05-07 14:31:19.763783
12650000,-50.0,2023-05-07 14:31:22.471779
12700000,-45.0,2023-05-07 14:31:25.055780
12750000,-50.0,2023-05-07 14:31:27.784281
12800000,-50.0,2023-05-07 14:31:30.382779
12850000,-45.0,2023-05-07 14:31:32.952282
12900000,-50.0,2023-05-07 14:31:35.577780
12950000,-50.0,2023-05-07 14:31:38.194280
13000000,-50.0,2023-05-07 14:31:40.841280
13050000,-50.0,2023-05-07 14:31:43.454280
13100000,-50.0,2023-05-07 14:31:46.106279
13150000,-50.0,2023-05-07 14:31:48.780280
13200000,-50.0,2023-05-07 14:31:51.480779
13250000,-50.0,2023-05-07 14:31:53.966280
13300000,-45.0,2023-05-07 14:31:56.689280
13350000,-35.0,2023-05-07 14:31:59.482281
13400000,-45.0,2023-05-07 14:32:02.033780
13450000,-50.0,2023-05-07 14:32:04.724780
13500000,-50.0,2023-05-07 14:32:07.516279
13550000,-45.0,2023-05-07 14:32:10.261280
13600000,-50.0,2023-05-07 14:32:12.896782
13650000,-50.0,2023-05-07 14:32:15.709780
13700000,-45.0,2023-05-07 14:32:18.369281
13750000,-45.0,2023-05-07 14:32:20.975280
13800000,-45.0,2023-05-07 14:32:23.731782
13850000,-45.0,2023-05-07 14:32:26.502781
13900000,-50.0,2023-05-07 14:32:29.145780
13950000,-50.0,2023-05-07 14:32:31.871782
14000000,-50.0,2023-05-07 14:32:34.553780
14050000,-50.0,2023-05-07 14:32:37.389781
14100000,-45.0,2023-05-07 14:32:40.424780
14150000,-50.0,2023-05-07 14:32:43.067280
14200000,-45.0,2023-05-07 14:32:45.662283
14250000,-40.0,2023-05-07 14:32:48.584779
14300000,-50.0,2023-05-07 14:32:51.371281
14350000,-50.0,2023-05-07 14:32:53.933780
14400000,-45.0,2023-05-07 14:32:56.687781
14450000,-45.0,2023-05-07 14:32:59.534280
14500000,-40.0,2023-05-07 14:33:02.242780
14550000,-50.0,2023-05-07 14:33:04.984782
14600000,-50.0,2023-05-07 14:33:07.892282
14650000,-50.0,2023-05-07 14:33:10.652783
14700000,-40.0,2023-05-07 14:33:13.135782
14750000,-50.0,2023-05-07 14:33:15.747781
14800000,-50.0,2023-05-07 14:33:18.271280
14850000,-45.0,2023-05-07 14:33:20.786784
14900000,-50.0,2023-05-07 14:33:23.301782
14950000,-45.0,2023-05-07 14:33:25.712780
15000000,-50.0,2023-05-07 14:33:28.422280
15050000,-45.0,2023-05-07 14:33:31.235280
15100000,-45.0,2023-05-07 14:33:33.807780
15150000,-50.0,2023-05-07 14:33:36.402779
15200000,-45.0,2023-05-07 14:33:39.022781
15250000,-45.0,2023-05-07 14:33:41.695280
15300000,-40.0,2023-05-07 14:33:44.326783
15350000,-50.0,2023-05-07 14:33:46.964780
15400000,-45.0,2023-05-07 14:33:49.556279
15450000,-50.0,2023-05-07 14:33:52.417781
15500000,-45.0,2023-05-07 14:33:55.095780
15550000,-50.0,2023-05-07 14:33:57.764280
15600000,-45.0,2023-05-07 14:34:00.404279
15650000,-45.0,2023-05-07 14:34:03.090780
15700000,-50.0,2023-05-07 14:34:05.636780
15750000,-50.0,2023-05-07 14:34:08.240783
15800000,-50.0,2023-05-07 14:34:10.794781
15850000,-45.0,2023-05-07 14:34:13.398782
15900000,-50.0,2023-05-07 14:34:16.032780
15950000,-45.0,2023-05-07 14:34:18.626784
16000000,-45.0,2023-05-07 14:34:21.326779
16050000,-45.0,2023-05-07 14:34:24.009280
16100000,-50.0,2023-05-07 14:34:26.559280
16150000,-50.0,2023-05-07 14:34:29.137281
16200000,-50.0,2023-05-07 14:34:31.785779
16250000,-50.0,2023-05-07 14:34:34.517783
16300000,-50.0,2023-05-07 14:34:37.036781
16350000,-50.0,2023-05-07 14:34:39.555780
16400000,-50.0,2023-05-07 14:34:42.328283
16450000,-50.0,2023-05-07 14:34:44.913781
16500000,-40.0,2023-05-07 14:34:47.563781
16550000,-50.0,2023-05-07 14:34:50.194279
16600000,-45.0,2023-05-07 14:34:52.751781
16650000,-50.0,2023-05-07 14:34:55.375780
16700000,-45.0,2023-05-07 14:34:58.099280
16750000,-40.0,2023-05-07 14:35:00.704779
16800000,-50.0,2023-05-07 14:35:03.348780
16850000,-45.0,2023-05-07 14:35:05.976780
16900000,-50.0,2023-05-07 14:35:08.682281
16950000,-50.0,2023-05-07 14:35:11.459280
17000000,-50.0,2023-05-07 14:35:14.166281
17050000,-40.0,2023-05-07 14:35:16.810280
17100000,-45.0,2023-05-07 14:35:19.403281
17150000,-45.0,2023-05-07 14:35:22.052281
17200000,-50.0,2023-05-07 14:35:24.900780
17250000,-45.0,2023-05-07 14:35:27.425280
17300000,-45.0,2023-05-07 14:35:30.021785
17350000,-45.0,2023-05-07 14:35:32.790280
17400000,-50.0,2023-05-07 14:35:35.375779
17450000,-50.0,2023-05-07 14:35:37.876779
17500000,-50.0,2023-05-07 14:35:40.391281
17550000,-40.0,2023-05-07 14:35:42.837280
17600000,-50.0,2023-05-07 14:35:45.537781
17650000,-45.0,2023-05-07 14:35:48.078780
17700000,-50.0,2023-05-07 14:35:50.768280
17750000,-50.0,2023-05-07 14:35:53.403779
17800000,-50.0,2023-05-07 14:35:55.944283
17850000,-40.0,2023-05-07 14:35:58.435280
17900000,-50.0,2023-05-07 14:36:01.165779
17950000,-50.0,2023-05-07 14:36:03.802781
18000000,-40.0,2023-05-07 14:36:06.248281
18050000,-50.0,2023-05-07 14:36:08.904280
18100000,-50.0,2023-05-07 14:36:11.529280
18150000,-50.0,2023-05-07 14:36:14.144281
18200000,-45.0,2023-05-07 14:36:16.859780
18250000,-50.0,2023-05-07 14:36:19.440781
18300000,-40.0,2023-05-07 14:36:22.133784
18350000,-50.0,2023-05-07 14:36:24.700780
18400000,-50.0,2023-05-07 14:36:27.166279
18450000,-50.0,2023-05-07 14:36:29.851781
18500000,-45.0,2023-05-07 14:36:32.468281
18550000,-50.0,2023-05-07 14:36:35.136281
18600000,-45.0,2023-05-07 14:36:37.650282
18650000,-50.0,2023-05-07 14:36:40.270281
18700000,-45.0,2023-05-07 14:36:43.037783
18750000,-50.0,2023-05-07 14:36:45.528779
18800000,-50.0,2023-05-07 14:36:48.047781
18850000,-50.0,2023-05-07 14:36:50.513280
18900000,-50.0,2023-05-07 14:36:53.242279
18950000,-50.0,2023-05-07 14:36:55.896280
19000000,-50.0,2023-05-07 14:36:58.535280
19050000,-45.0,2023-05-07 14:37:01.152781
19100000,-50.0,2023-05-07 14:37:03.757279
19150000,-45.0,2023-05-07 14:37:06.401279
19200000,-50.0,2023-05-07 14:37:09.001780
19250000,-50.0,2023-05-07 14:37:11.714781
19300000,-50.0,2023-05-07 14:37:14.467780
19350000,-45.0,2023-05-07 14:37:17.130281
19400000,-50.0,2023-05-07 14:37:19.750781
19450000,-40.0,2023-05-07 14:37:22.300779
19500000,-40.0,2023-05-07 14:37:24.900280
19550000,-50.0,2023-05-07 14:37:27.412780
19600000,-45.0,2023-05-07 14:37:29.933780
19650000,-50.0,2023-05-07 14:37:32.604283
19700000,-50.0,2023-05-07 14:37:35.156281
19750000,-50.0,2023-05-07 14:37:37.689282
19800000,-45.0,2023-05-07 14:37:40.241780
19850000,-50.0,2023-05-07 14:37:42.778780
19900000,-50.0,2023-05-07 14:37:45.423280
19950000,-50.0,2023-05-07 14:37:47.893780
20000000,-50.0,2023-05-07 14:37:50.373779
20050000,-45.0,2023-05-07 14:37:52.976280
20100000,-50.0,2023-05-07 14:37:55.526280
20150000,-50.0,2023-05-07 14:37:58.045281
20200000,-50.0,2023-05-07 14:38:00.653781
20250000,-45.0,2023-05-07 14:38:03.252780
20300000,-45.0,2023-05-07 14:38:05.923281
20350000,-45.0,2023-05-07 14:38:08.392280
20400000,-50.0,2023-05-07 14:38:10.868780
20450000,-50.0,2023-05-07 14:38:13.437780
20500000,-50.0,2023-05-07 14:38:15.979781
20550000,-45.0,2023-05-07 14:38:18.513780
20600000,-50.0,2023-05-07 14:38:21.135280
20650000,-50.0,2023-05-07 14:38:23.777281
20700000,-50.0,2023-05-07 14:38:26.305280
20750000,-50.0,2023-05-07 14:38:28.893781
20800000,-50.0,2023-05-07 14:38:31.369780
20850000,-50.0,2023-05-07 14:38:34.034281
20900000,-45.0,2023-05-07 14:38:36.537781
20950000,-50.0,2023-05-07 14:38:38.982280
21000000,-50.0,2023-05-07 14:38:41.649280
21050000,-50.0,2023-05-07 14:38:44.271282
21100000,-50.0,2023-05-07 14:38:46.693781
21150000,-45.0,2023-05-07 14:38:49.168280
21200000,-50.0,2023-05-07 14:38:51.587780
21250000,-50.0,2023-05-07 14:38:54.166281
21300000,-50.0,2023-05-07 14:38:56.782281
21350000,-45.0,2023-05-07 14:38:59.288782
21400000,-50.0,2023-05-07 14:39:01.699781
21450000,-45.0,2023-05-07 14:39:04.198281
21500000,-50.0,2023-05-07 14:39:06.659282
21550000,-50.0,2023-05-07 14:39:09.209280
21600000,-50.0,2023-05-07 14:39:11.653280
21650000,-50.0,2023-05-07 14:39:14.094779
21700000,-40.0,2023-05-07 14:39:16.535281
21750000,-50.0,2023-05-07 14:39:18.965281
21800000,-50.0,2023-05-07 14:39:21.392281
21850000,-45.0,2023-05-07 14:39:23.967783
21900000,-50.0,2023-05-07 14:39:26.509280
21950000,-50.0,2023-05-07 14:39:28.940782
22000000,-45.0,2023-05-07 14:39:31.344782
22050000,-50.0,2023-05-07 14:39:33.882280
22100000,-45.0,2023-05-07 14:39:36.509779
22150000,-50.0,2023-05-07 14:39:38.915780
22200000,-50.0,2023-05-07 14:39:41.454783
22250000,-40.0,2023-05-07 14:39:43.912780
22300000,-45.0,2023-05-07 14:39:46.444779
22350000,-50.0,2023-05-07 14:39:48.790782
22400000,-50.0,2023-05-07 14:39:51.209779
22450000,-45.0,2023-05-07 14:39:53.798280
22500000,-50.0,2023-05-07 14:39:56.414782
22550000,-45.0,2023-05-07 14:39:58.761280
22600000,-45.0,2023-05-07 14:40:01.203280
22650000,-50.0,2023-05-07 14:40:03.590780
22700000,-50.0,2023-05-07 14:40:06.100780
22750000,-50.0,2023-05-07 14:40:08.594782
22800000,-50.0,2023-05-07 14:40:10.949779
22850000,-45.0,2023-05-07 14:40:13.502280
22900000,-45.0,2023-05-07 14:40:16.068781
22950000,-50.0,2023-05-07 14:40:18.540781
23000000,-50.0,2023-05-07 14:40:21.070780
23050000,-45.0,2023-05-07 14:40:23.488279
23100000,-50.0,2023-05-07 14:40:26.031780
23150000,-50.0,2023-05-07 14:40:28.506280
23200000,-50.0,2023-05-07 14:40:30.925784
23250000,-50.0,2023-05-07 14:40:33.579780
23300000,-50.0,2023-05-07 14:40:36.138780
23350000,-50.0,2023-05-07 14:40:38.617280
23400000,-50.0,2023-05-07 14:40:41.123783
23450000,-50.0,2023-05-07 14:40:43.645782
23500000,-50.0,2023-05-07 14:40:46.163779
23550000,-50.0,2023-05-07 14:40:48.787782
23600000,-45.0,2023-05-07 14:40:51.309781
23650000,-50.0,2023-05-07 14:40:53.963281
23700000,-50.0,2023-05-07 14:40:56.671280
23750000,-50.0,2023-05-07 14:40:59.171280
23800000,-50.0,2023-05-07 14:41:01.696781
23850000,-50.0,2023-05-07 14:41:04.319781
23900000,-50.0,2023-05-07 14:41:07.054781
23950000,-50.0,2023-05-07 14:41:09.662280
24000000,-50.0,2023-05-07 14:41:12.169781
24050000,-50.0,2023-05-07 14:41:14.654780
24100000,-45.0,2023-05-07 14:41:17.478780
24150000,-50.0,2023-05-07 14:41:20.152279
24200000,-50.0,2023-05-07 14:41:22.797781
24250000,-50.0,2023-05-07 14:41:25.383279
24300000,-45.0,2023-05-07 14:41:28.001279
24350000,-50.0,2023-05-07 14:41:30.768281
24400000,-50.0,2023-05-07 14:41:33.359281
24450000,-50.0,2023-05-07 14:41:35.934780
24500000,-45.0,2023-05-07 14:41:38.516279
24550000,-45.0,2023-05-07 14:41:41.196280
24600000,-50.0,2023-05-07 14:41:43.703282
24650000,-50.0,2023-05-07 14:41:46.201780
24700000,-50.0,2023-05-07 14:41:48.750780
24750000,-45.0,2023-05-07 14:41:51.234280
24800000,-50.0,2023-05-07 14:41:53.780782
24850000,-50.0,2023-05-07 14:41:56.416782
24900000,-50.0,2023-05-07 14:41:59.016280
24950000,-50.0,2023-05-07 14:42:01.521781
25000000,-50.0,2023-05-07 14:42:03.972780
25050000,-50.0,2023-05-07 14:42:06.400281
25100000,-50.0,2023-05-07 14:42:09.211279
25150000,-45.0,2023-05-07 14:42:11.684781
25200000,-50.0,2023-05-07 14:42:14.077281
25250000,-50.0,2023-05-07 14:42:16.774282
25300000,-45.0,2023-05-07 14:42:19.444779
25350000,-45.0,2023-05-07 14:42:21.911780
25400000,-50.0,2023-05-07 14:42:24.465780
25450000,-50.0,2023-05-07 14:42:27.058280
25500000,-50.0,2023-05-07 14:42:29.659283
25550000,-50.0,2023-05-07 14:42:32.114280
25600000,-45.0,2023-05-07 14:42:34.496279
25650000,-45.0,2023-05-07 14:42:37.070279
25700000,-45.0,2023-05-07 14:42:39.561279
25750000,-50.0,2023-05-07 14:42:42.085282
25800000,-50.0,2023-05-07 14:42:44.662281
25850000,-50.0,2023-05-07 14:42:47.083281
25900000,-50.0,2023-05-07 14:42:49.614780
25950000,-50.0,2023-05-07 14:42:52.075282
26000000,-50.0,2023-05-07 14:42:54.454780
26050000,-45.0,2023-05-07 14:42:57.157780
26100000,-45.0,2023-05-07 14:42:59.742280
26150000,-50.0,2023-05-07 14:43:02.234780
26200000,-50.0,2023-05-07 14:43:04.787280
26250000,-50.0,2023-05-07 14:43:07.235280
26300000,-50.0,2023-05-07 14:43:09.742779
26350000,-45.0,2023-05-07 14:43:12.197780
26400000,-50.0,2023-05-07 14:43:14.580779
26450000,-45.0,2023-05-07 14:43:16.999782
26500000,-50.0,2023-05-07 14:43:19.500779
26550000,-50.0,2023-05-07 14:43:22.039280
26600000,-45.0,2023-05-07 14:43:24.407281
26650000,-50.0,2023-05-07 14:43:26.798279
26700000,-45.0,2023-05-07 14:43:29.442780
26750000,-50.0,2023-05-07 14:43:31.975780
26800000,-50.0,2023-05-07 14:43:34.283780
26850000,-50.0,2023-05-07 14:43:36.786280
26900000,-50.0,2023-05-07 14:43:39.218279
26950000,-50.0,2023-05-07 14:43:41.759282
27000000,-40.0,2023-05-07 14:43:44.294781
27050000,-50.0,2023-05-07 14:43:46.748281
27100000,-45.0,2023-05-07 14:43:49.100280
27150000,-45.0,2023-05-07 14:43:51.463280
27200000,-50.0,2023-05-07 14:43:53.929781
27250000,-40.0,2023-05-07 14:43:56.321781
27300000,-50.0,2023-05-07 14:43:58.678780
27350000,-50.0,2023-05-07 14:44:01.275279
27400000,-50.0,2023-05-07 14:44:03.651283
27450000,-50.0,2023-05-07 14:44:05.945781
27500000,-50.0,2023-05-07 14:44:08.490280
27550000,-43.2,2023-05-07 14:44:11.142780
27600000,-50.0,2023-05-07 14:44:13.431781
27650000,-50.0,2023-05-07 14:44:15.868283
27700000,-50.0,2023-05-07 14:44:18.270785
27750000,-45.0,2023-05-07 14:44:20.932280
27800000,-50.0,2023-05-07 14:44:23.408780
27850000,-50.0,2023-05-07 14:44:25.762779
27900000,-50.0,2023-05-07 14:44:28.022281
27950000,-50.0,2023-05-07 14:44:30.289280
28000000,-50.0,2023-05-07 14:44:32.790781
28050000,-50.0,2023-05-07 14:44:35.076281
28100000,-45.0,2023-05-07 14:44:37.473779
28150000,-45.0,2023-05-07 14:44:40.133780
28200000,-50.0,2023-05-07 14:44:42.662781
28250000,-50.0,2023-05-07 14:44:45.091780
28300000,-50.0,2023-05-07 14:44:47.404280
28350000,-50.0,2023-05-07 14:44:49.784780
28400000,-50.0,2023-05-07 14:44:52.377284
28450000,-45.0,2023-05-07 14:44:54.780281
28500000,-50.0,2023-05-07 14:44:57.104283
28550000,-50.0,2023-05-07 14:44:59.621781
28600000,-45.0,2023-05-07 14:45:02.147280
28650000,-50.0,2023-05-07 14:45:04.622781
28700000,-40.0,2023-05-07 14:45:07.015781
28750000,-50.0,2023-05-07 14:45:09.319280
28800000,-50.0,2023-05-07 14:45:11.815780
28850000,-45.0,2023-05-07 14:45:14.173780
28900000,-40.0,2023-05-07 14:45:16.557281
28950000,-45.0,2023-05-07 14:45:19.015782
29000000,-45.0,2023-05-07 14:45:21.401782
29050000,-50.0,2023-05-07 14:45:23.874781
29100000,-50.0,2023-05-07 14:45:26.229779
29150000,-45.0,2023-05-07 14:45:28.622780
29200000,-45.0,2023-05-07 14:45:31.284279
29250000,-50.0,2023-05-07 14:45:33.694281
29300000,-50.0,2023-05-07 14:45:36.055781
29350000,-50.0,2023-05-07 14:45:38.426281
29400000,-50.0,2023-05-07 14:45:40.900281
29450000,-45.0,2023-05-07 14:45:43.545781
29500000,-45.0,2023-05-07 14:45:45.954785
29550000,-50.0,2023-05-07 14:45:48.365279
29600000,-45.0,2023-05-07 14:45:50.953281
29650000,-50.0,2023-05-07 14:45:53.460781
29700000,-50.0,2023-05-07 14:45:55.853280
29750000,-50.0,2023-05-07 14:45:58.187780
29800000,-40.0,2023-05-07 14:46:00.590780
29850000,-35.0,2023-05-07 14:46:02.925280
29900000,-50.0,2023-05-07 14:46:05.305280
29950000,-50.0,2023-05-07 14:46:07.712782
30000000,-45.0,2023-05-07 14:46:10.291280
30050000,-50.0,2023-05-07 14:46:12.754279
30100000,-50.0,2023-05-07 14:46:15.205281
30150000,-40.0,2023-05-07 14:46:17.639281
30200000,-50.0,2023-05-07 14:46:20.005781
30250000,-50.0,2023-05-07 14:46:22.585280
30300000,-45.0,2023-05-07 14:46:24.910781
30350000,-50.0,2023-05-07 14:46:27.358281
30400000,-50.0,2023-05-07 14:46:29.760781
30450000,-45.0,2023-05-07 14:46:32.165782
30500000,-50.0,2023-05-07 14:46:34.569780
30550000,-45.0,2023-05-07 14:46:36.888281
30600000,-45.0,2023-05-07 14:46:39.203780
30650000,-45.0,2023-05-07 14:46:41.885780
30700000,-50.0,2023-05-07 14:46:44.455780
30750000,-50.0,2023-05-07 14:46:46.806280
30800000,-45.0,2023-05-07 14:46:49.312280
30850000,-50.0,2023-05-07 14:46:51.861783
30900000,-45.0,2023-05-07 14:46:54.331781
30950000,-50.0,2023-05-07 14:46:56.680780
31000000,-50.0,2023-05-07 14:46:58.967281
31050000,-45.0,2023-05-07 14:47:01.544281
31100000,-50.0,2023-05-07 14:47:04.201779
31150000,-50.0,2023-05-07 14:47:06.719281
31200000,-40.0,2023-05-07 14:47:09.311280
31250000,-45.0,2023-05-07 14:47:11.794780
31300000,-50.0,2023-05-07 14:47:14.223783
31350000,-50.0,2023-05-07 14:47:16.700781
31400000,-50.0,2023-05-07 14:47:19.088783
31450000,-45.0,2023-05-07 14:47:21.693780
31500000,-45.0,2023-05-07 14:47:24.157780
31550000,-50.0,2023-05-07 14:47:26.573282
31600000,-50.0,2023-05-07 14:47:29.032281
31650000,-50.0,2023-05-07 14:47:31.544280
31700000,-50.0,2023-05-07 14:47:33.968780
31750000,-50.0,2023-05-07 14:47:36.302780
31800000,-45.0,2023-05-07 14:47:38.730279
31850000,-50.0,2023-05-07 14:47:41.231783
31900000,-50.0,2023-05-07 14:47:43.804281
31950000,-50.0,2023-05-07 14:47:46.187280
32000000,-45.0,2023-05-07 14:47:48.580780
32050000,-50.0,2023-05-07 14:47:51.021281
32100000,-50.0,2023-05-07 14:47:53.648280
32150000,-45.0,2023-05-07 14:47:56.214780
32200000,-45.0,2023-05-07 14:47:58.590780
32250000,-50.0,2023-05-07 14:48:00.958779
32300000,-50.0,2023-05-07 14:48:03.498285
32350000,-40.0,2023-05-07 14:48:05.970780
32400000,-50.0,2023-05-07 14:48:08.334781
32450000,-50.0,2023-05-07 14:48:10.669781
32500000,-50.0,2023-05-07 14:48:13.142780
32550000,-50.0,2023-05-07 14:48:15.665280
32600000,-50.0,2023-05-07 14:48:18.048281
32650000,-50.0,2023-05-07 14:48:20.455281
32700000,-50.0,2023-05-07 14:48:22.756780
32750000,-50.0,2023-05-07 14:48:25.275780
32800000,-50.0,2023-05-07 14:48:27.723780
32850000,-50.0,2023-05-07 14:48:30.048780
32900000,-50.0,2023-05-07 14:48:32.495281
32950000,-50.0,2023-05-07 14:48:34.889779
33000000,-35.0,2023-05-07 14:48:37.301279
33050000,-50.0,2023-05-07 14:48:39.747780
33100000,-50.0,2023-05-07 14:48:42.390779
33150000,-50.0,2023-05-07 14:48:44.835281
33200000,-50.0,2023-05-07 14:48:47.172280
33250000,-50.0,2023-05-07 14:48:49.508281
33300000,-45.0,2023-05-07 14:48:51.779780
33350000,-50.0,2023-05-07 14:48:54.275779
33400000,-50.0,2023-05-07 14:48:56.587281
33450000,-50.0,2023-05-07 14:48:58.927280
33500000,-50.0,2023-05-07 14:49:01.457279
33550000,-45.0,2023-05-07 14:49:03.931279
33600000,-50.0,2023-05-07 14:49:06.378783
33650000,-50.0,2023-05-07 14:49:08.693782
33700000,-45.0,2023-05-07 14:49:10.980779
33750000,-45.0,2023-05-07 14:49:13.343781
33800000,-50.0,2023-05-07 14:49:15.763783
33850000,-50.0,2023-05-07 14:49:18.121781
33900000,-45.0,2023-05-07 14:49:20.439280
33950000,-50.0,2023-05-07 14:49:22.821780
34000000,-50.0,2023-05-07 14:49:25.355781
34050000,-45.0,2023-05-07 14:49:27.795781
34100000,-45.0,2023-05-07 14:49:30.223781
34150000,-50.0,2023-05-07 14:49:32.582280
34200000,-45.0,2023-05-07 14:49:34.978780
34250000,-45.0,2023-05-07 14:49:37.460782
34300000,-50.0,2023-05-07 14:49:39.742780
34350000,-50.0,2023-05-07 14:49:42.134281
34400000,-45.0,2023-05-07 14:49:44.558280
34450000,-45.0,2023-05-07 14:49:47.093785
34500000,-50.0,2023-05-07 14:49:49.496282
34550000,-50.0,2023-05-07 14:49:51.857781
34600000,-50.0,2023-05-07 14:49:54.273280
34650000,-45.0,2023-05-07 14:49:56.770780
34700000,-50.0,2023-05-07 14:49:59.014780
34750000,-50.0,2023-05-07 14:50:01.339280
34800000,-50.0,2023-05-07 14:50:03.685780
34850000,-50.0,2023-05-07 14:50:06.163780
34900000,-50.0,2023-05-07 14:50:08.612781
34950000,-45.0,2023-05-07 14:50:11.052280
35000000,-45.0,2023-05-07 14:50:13.521280
35050000,-50.0,2023-05-07 14:50:16.048279
35100000,-50.0,2023-05-07 14:50:18.481783
35150000,-50.0,2023-05-07 14:50:20.902780
35200000,-40.0,2023-05-07 14:50:23.246780
35250000,-45.0,2023-05-07 14:50:25.803280
35300000,-45.0,2023-05-07 14:50:28.236781
35350000,-50.0,2023-05-07 14:50:30.521780
35400000,-45.0,2023-05-07 14:50:32.980780
35450000,-45.0,2023-05-07 14:50:35.508281
35500000,-50.0,2023-05-07 14:50:37.959780
35550000,-50.0,2023-05-07 14:50:40.354784
35600000,-45.0,2023-05-07 14:50:42.747280
35650000,-45.0,2023-05-07 14:50:45.291781
35700000,-40.0,2023-05-07 14:50:47.631280
35750000,-50.0,2023-05-07 14:50:50.062282
35800000,-50.0,2023-05-07 14:50:52.434282
35850000,-50.0,2023-05-07 14:50:54.821780
35900000,-40.0,2023-05-07 14:50:57.297281
35950000,-50.0,2023-05-07 14:50:59.572279
36000000,-50.0,2023-05-07 14:51:02.004280
36050000,-45.0,2023-05-07 14:51:04.742281
36100000,-50.0,2023-05-07 14:51:07.089780
36150000,-45.0,2023-05-07 14:51:09.534281
36200000,-50.0,2023-05-07 14:51:11.918280
36250000,-50.0,2023-05-07 14:51:14.463780
36300000,-50.0,2023-05-07 14:51:17.169280
36350000,-45.0,2023-05-07 14:51:19.607279
36400000,-50.0,2023-05-07 14:51:21.989781
36450000,-50.0,2023-05-07 14:51:24.394781
36500000,-40.0,2023-05-07 14:51:26.952781
36550000,-50.0,2023-05-07 14:51:29.553781
36600000,-50.0,2023-05-07 14:51:31.906780
36650000,-50.0,2023-05-07 14:51:34.283279
36700000,-50.0,2023-05-07 14:51:36.641783
36750000,-50.0,2023-05-07 14:51:39.016780
36800000,-50.0,2023-05-07 14:51:41.411781
36850000,-45.0,2023-05-07 14:51:43.782780
36900000,-45.0,2023-05-07 14:51:46.403780
36950000,-50.0,2023-05-07 14:51:48.803780
37000000,-50.0,2023-05-07 14:51:51.199782
37050000,-50.0,2023-05-07 14:51:53.640281
37100000,-50.0,2023-05-07 14:51:56.065781
37150000,-50.0,2023-05-07 14:51:58.537780
37200000,-40.0,2023-05-07 14:52:00.844283
37250000,-50.0,2023-05-07 14:52:03.178780
37300000,-50.0,2023-05-07 14:52:05.562780
37350000,-50.0,2023-05-07 14:52:07.941781
37400000,-50.0,2023-05-07 14:52:10.259282
37450000,-45.0,2023-05-07 14:52:12.712281
37500000,-50.0,2023-05-07 14:52:15.172283
37550000,-50.0,2023-05-07 14:52:17.705280
37600000,-50.0,2023-05-07 14:52:20.096780
37650000,-50.0,2023-05-07 14:52:22.507781
37700000,-45.0,2023-05-07 14:52:24.967283
37750000,-50.0,2023-05-07 14:52:27.396281
37800000,-50.0,2023-05-07 14:52:29.789279
37850000,-50.0,2023-05-07 14:52:32.231781
37900000,-45.0,2023-05-07 14:52:34.715281
37950000,-50.0,2023-05-07 14:52:37.220280
38000000,-50.0,2023-05-07 14:52:39.713282
38050000,-50.0,2023-05-07 14:52:42.094279
38100000,-45.0,2023-05-07 14:52:44.553281
38150000,-50.0,2023-05-07 14:52:46.975779
38200000,-50.0,2023-05-07 14:52:49.298282
38250000,-50.0,2023-05-07 14:52:51.679283
38300000,-50.0,2023-05-07 14:52:53.913279
38350000,-50.0,2023-05-07 14:52:56.288279
38400000,-45.0,2023-05-07 14:52:58.724781
38450000,-50.0,2023-05-07 14:53:00.980781
38500000,-50.0,2023-05-07 14:53:03.292279
38550000,-50.0,2023-05-07 14:53:05.608779
38600000,-45.0,2023-05-07 14:53:08.045780
38650000,-50.0,2023-05-07 14:53:10.391779
38700000,-50.0,2023-05-07 14:53:12.756782
38750000,-45.0,2023-05-07 14:53:15.105282
38800000,-50.0,2023-05-07 14:53:17.660780
38850000,-45.0,2023-05-07 14:53:20.093283
38900000,-50.0,2023-05-07 14:53:22.534780
38950000,-50.0,2023-05-07 14:53:24.920280
39000000,-50.0,2023-05-07 14:53:27.435280
39050000,-50.0,2023-05-07 14:53:29.966281
39100000,-45.0,2023-05-07 14:53:32.423280
39150000,-50.0,2023-05-07 14:53:34.808280
39200000,-45.0,2023-05-07 14:53:37.405782
39250000,-50.0,2023-05-07 14:53:39.967279
39300000,-45.0,2023-05-07 14:53:42.488780
39350000,-50.0,2023-05-07 14:53:45.036279
39400000,-45.0,2023-05-07 14:53:47.709280
39450000,-50.0,2023-05-07 14:53:50.146280
39500000,-50.0,2023-05-07 14:53:52.597282
39550000,-50.0,2023-05-07 14:53:55.003780
39600000,-50.0,2023-05-07 14:53:57.615779
39650000,-50.0,2023-05-07 14:54:00.084282
39700000,-50.0,2023-05-07 14:54:02.553281
39750000,-50.0,2023-05-07 14:54:04.982279
39800000,-50.0,2023-05-07 14:54:07.495780
39850000,-45.0,2023-05-07 14:54:10.073783
39900000,-50.0,2023-05-07 14:54:12.610780
39950000,-40.0,2023-05-07 14:54:15.041780
40000000,-45.0,2023-05-07 14:54:17.681281
40050000,-50.0,2023-05-07 14:54:20.135781
40100000,-40.0,2023-05-07 14:54:22.527281
40150000,-50.0,2023-05-07 14:54:25.043780
40200000,-50.0,2023-05-07 14:54:27.752279
40250000,-40.0,2023-05-07 14:54:30.298280
40300000,-45.0,2023-05-07 14:54:32.894780
40350000,-50.0,2023-05-07 14:54:35.345780
40400000,-35.0,2023-05-07 14:54:37.780280
40450000,-50.0,2023-05-07 14:54:40.219280
40500000,-50.0,2023-05-07 14:54:42.595780
40550000,-50.0,2023-05-07 14:54:44.973280
40600000,-45.0,2023-05-07 14:54:47.369783
40650000,-50.0,2023-05-07 14:54:50.008780
40700000,-45.0,2023-05-07 14:54:52.459780
40750000,-45.0,2023-05-07 14:54:54.791279
40800000,-50.0,2023-05-07 14:54:57.252782
40850000,-50.0,2023-05-07 14:54:59.704281
40900000,-50.0,2023-05-07 14:55:02.233780
40950000,-50.0,2023-05-07 14:55:04.860280
41000000,-50.0,2023-05-07 14:55:07.148280
41050000,-50.0,2023-05-07 14:55:09.713780
41100000,-50.0,2023-05-07 14:55:12.318781
41150000,-45.0,2023-05-07 14:55:14.850782
41200000,-45.0,2023-05-07 14:55:17.334281
41250000,-50.0,2023-05-07 14:55:19.888281
41300000,-50.0,2023-05-07 14:55:22.223281
41350000,-50.0,2023-05-07 14:55:24.720781
41400000,-45.0,2023-05-07 14:55:27.207782
41450000,-40.0,2023-05-07 14:55:29.713779
41500000,-50.0,2023-05-07 14:55:32.350281
41550000,-45.0,2023-05-07 14:55:34.791780
41600000,-50.0,2023-05-07 14:55:37.345280
41650000,-45.0,2023-05-07 14:55:39.822280
41700000,-45.0,2023-05-07 14:55:42.238780
41750000,-40.0,2023-05-07 14:55:44.667780
41800000,-50.0,2023-05-07 14:55:47.080280
41850000,-45.0,2023-05-07 14:55:49.731779
41900000,-50.0,2023-05-07 14:55:52.236280
41950000,-50.0,2023-05-07 14:55:54.623280
42000000,-45.0,2023-05-07 14:55:57.133780
42050000,-45.0,2023-05-07 14:55:59.641280
42100000,-45.0,2023-05-07 14:56:02.113781
42150000,-40.0,2023-05-07 14:56:04.635781
42200000,-45.0,2023-05-07 14:56:07.120780
42250000,-50.0,2023-05-07 14:56:09.841279
42300000,-50.0,2023-05-07 14:56:12.415782
42350000,-50.0,2023-05-07 14:56:14.881779
42400000,-50.0,2023-05-07 14:56:17.368279
42450000,-50.0,2023-05-07 14:56:19.963781
42500000,-50.0,2023-05-07 14:56:22.539281
42550000,-50.0,2023-05-07 14:56:25.031780
42600000,-45.0,2023-05-07 14:56:27.576280
42650000,-50.0,2023-05-07 14:56:30.291780
42700000,-50.0,2023-05-07 14:56:32.899780
42750000,-50.0,2023-05-07 14:56:35.394281
42800000,-50.0,2023-05-07 14:56:37.956780
42850000,-50.0,2023-05-07 14:56:40.504780
42900000,-45.0,2023-05-07 14:56:43.002779
42950000,-50.0,2023-05-07 14:56:45.450780
43000000,-40.0,2023-05-07 14:56:47.900280
43050000,-50.0,2023-05-07 14:56:50.452780
43100000,-50.0,2023-05-07 14:56:53.543279
43150000,-50.0,2023-05-07 14:56:56.724280
43200000,-45.0,2023-05-07 14:56:59.737282
43250000,-50.0,2023-05-07 14:57:02.375780
43300000,-50.0,2023-05-07 14:57:04.956281
43350000,-50.0,2023-05-07 14:57:07.372780
43400000,-50.0,2023-05-07 14:57:09.848781
43450000,-45.0,2023-05-07 14:57:12.272781
43500000,-50.0,2023-05-07 14:57:14.714280
43550000,-50.0,2023-05-07 14:57:17.162780
43600000,-45.0,2023-05-07 14:57:19.595780
43650000,-50.0,2023-05-07 14:57:22.173280
43700000,-50.0,2023-05-07 14:57:24.546783
43750000,-50.0,2023-05-07 14:57:26.969281
43800000,-50.0,2023-05-07 14:57:29.466780
43850000,-50.0,2023-05-07 14:57:31.864779
43900000,-50.0,2023-05-07 14:57:34.344780
43950000,-50.0,2023-05-07 14:57:36.741281
44000000,-50.0,2023-05-07 14:57:39.097280
44050000,-45.0,2023-05-07 14:57:41.586780
44100000,-50.0,2023-05-07 14:57:43.968280
44150000,-50.0,2023-05-07 14:57:46.326280
44200000,-45.0,2023-05-07 14:57:48.737780
44250000,-50.0,2023-05-07 14:57:51.293280
44300000,-50.0,2023-05-07 14:57:53.825281
44350000,-45.0,2023-05-07 14:57:56.119280
44400000,-45.0,2023-05-07 14:57:58.480779
44450000,-50.0,2023-05-07 14:58:00.788781
44500000,-50.0,2023-05-07 14:58:03.312780
44550000,-50.0,2023-05-07 14:58:05.815280
44600000,-50.0,2023-05-07 14:58:08.164781
44650000,-50.0,2023-05-07 14:58:10.702780
44700000,-45.0,2023-05-07 14:58:13.176280
44750000,-50.0,2023-05-07 14:58:15.490280
44800000,-50.0,2023-05-07 14:58:17.919279
44850000,-50.0,2023-05-07 14:58:20.349781
44900000,-50.0,2023-05-07 14:58:22.772282
44950000,-45.0,2023-05-07 14:58:25.238282
45000000,-45.0,2023-05-07 14:58:27.485281
45050000,-45.0,2023-05-07 14:58:30.093781
45100000,-50.0,2023-05-07 14:58:32.527282
45150000,-45.0,2023-05-07 14:58:34.944781
45200000,-50.0,2023-05-07 14:58:37.309280
45250000,-50.0,2023-05-07 14:58:39.669282
45300000,-45.0,2023-05-07 14:58:42.017781
45350000,-45.0,2023-05-07 14:58:44.478279
45400000,-45.0,2023-05-07 14:58:46.846780
45450000,-50.0,2023-05-07 14:58:49.457282
45500000,-45.0,2023-05-07 14:58:51.859780
45550000,-50.0,2023-05-07 14:58:54.484779
45600000,-50.0,2023-05-07 14:58:56.987781
45650000,-45.0,2023-05-07 14:58:59.483781
45700000,-45.0,2023-05-07 14:59:01.982281
45750000,-45.0,2023-05-07 14:59:04.408780
45800000,-50.0,2023-05-07 14:59:06.777781
45850000,-50.0,2023-05-07 14:59:09.304280
45900000,-45.0,2023-05-07 14:59:11.828779
45950000,-50.0,2023-05-07 14:59:14.368781
46000000,-50.0,2023-05-07 14:59:16.867780
46050000,-50.0,2023-05-07 14:59:19.163281
46100000,-50.0,2023-05-07 14:59:21.731779
46150000,-50.0,2023-05-07 14:59:24.434781
46200000,-45.0,2023-05-07 14:59:26.765780
46250000,-45.0,2023-05-07 14:59:29.193780
46300000,-45.0,2023-05-07 14:59:31.774780
46350000,-50.0,2023-05-07 14:59:34.235783
46400000,-45.0,2023-05-07 14:59:36.773783
46450000,-50.0,2023-05-07 14:59:39.111280
46500000,-45.0,2023-05-07 14:59:41.661279
46550000,-45.0,2023-05-07 14:59:44.138281
46600000,-50.0,2023-05-07 14:59:46.559281
46650000,-45.0,2023-05-07 14:59:48.993779
46700000,-45.0,2023-05-07 14:59:51.379283
46750000,-50.0,2023-05-07 14:59:53.781780
46800000,-50.0,2023-05-07 14:59:56.330783
46850000,-50.0,2023-05-07 14:59:58.676779
46900000,-45.0,2023-05-07 15:00:01.126279
46950000,-50.0,2023-05-07 15:00:03.709280
47000000,-50.0,2023-05-07 15:00:06.260280
47050000,-50.0,2023-05-07 15:00:08.629780
47100000,-45.0,2023-05-07 15:00:11.072280
47150000,-50.0,2023-05-07 15:00:13.663780
47200000,-45.0,2023-05-07 15:00:16.229780
47250000,-45.0,2023-05-07 15:00:18.653282
47300000,-50.0,2023-05-07 15:00:20.987781
47350000,-45.0,2023-05-07 15:00:23.559280
47400000,-45.0,2023-05-07 15:00:26.027279
47450000,-45.0,2023-05-07 15:00:28.456780
47500000,-50.0,2023-05-07 15:00:30.860780
47550000,-50.0,2023-05-07 15:00:33.400280
47600000,-45.0,2023-05-07 15:00:35.907782
47650000,-50.0,2023-05-07 15:00:38.332780
47700000,-50.0,2023-05-07 15:00:40.642279
47750000,-45.0,2023-05-07 15:00:43.026781
47800000,-40.0,2023-05-07 15:00:45.647279
47850000,-50.0,2023-05-07 15:00:48.154280
47900000,-45.0,2023-05-07 15:00:50.635780
47950000,-50.0,2023-05-07 15:00:52.976281
48000000,-50.0,2023-05-07 15:00:55.581780
48050000,-50.0,2023-05-07 15:00:58.041781
48100000,-50.0,2023-05-07 15:01:00.437781
48150000,-50.0,2023-05-07 15:01:02.824279
48200000,-50.0,2023-05-07 15:01:05.248280
48250000,-50.0,2023-05-07 15:01:07.696280
48300000,-50.0,2023-05-07 15:01:10.103280
48350000,-50.0,2023-05-07 15:01:12.461780
48400000,-50.0,2023-05-07 15:01:15.036779
48450000,-40.0,2023-05-07 15:01:17.544780
48500000,-50.0,2023-05-07 15:01:19.981781
48550000,-40.0,2023-05-07 15:01:22.318281
48600000,-45.0,2023-05-07 15:01:24.797280
48650000,-50.0,2023-05-07 15:01:27.193783
48700000,-50.0,2023-05-07 15:01:29.501781
48750000,-50.0,2023-05-07 15:01:31.918279
48800000,-50.0,2023-05-07 15:01:34.193780
48850000,-50.0,2023-05-07 15:01:36.639781
48900000,-50.0,2023-05-07 15:01:39.021780
48950000,-45.0,2023-05-07 15:01:41.358284
49000000,-50.0,2023-05-07 15:01:43.929781
49050000,-50.0,2023-05-07 15:01:46.507280
49100000,-50.0,2023-05-07 15:01:48.847281
49150000,-40.0,2023-05-07 15:01:51.200780
49200000,-45.0,2023-05-07 15:01:53.530280
49250000,-50.0,2023-05-07 15:01:56.168781
49300000,-50.0,2023-05-07 15:01:58.739280
49350000,-45.0,2023-05-07 15:02:01.077781
49400000,-40.0,2023-05-07 15:02:03.609779
49450000,-45.0,2023-05-07 15:02:06.098280
49500000,-45.0,2023-05-07 15:02:08.490281
49550000,-50.0,2023-05-07 15:02:10.759281
49600000,-50.0,2023-05-07 15:02:13.118280
49650000,-50.0,2023-05-07 15:02:15.774280
49700000,-50.0,2023-05-07 15:02:18.041780
49750000,-50.0,2023-05-07 15:02:20.438280
49800000,-50.0,2023-05-07 15:02:22.804780
49850000,-45.0,2023-05-07 15:02:25.198780
49900000,-50.0,2023-05-07 15:02:27.754280
49950000,-50.0,2023-05-07 15:02:30.116780
50000000,-50.0,2023-05-07 15:02:32.473280
50050000,-50.0,2023-05-07 15:02:34.907280
50100000,-50.0,2023-05-07 15:02:37.393780
50150000,-50.0,2023-05-07 15:02:39.702280
50200000,-50.0,2023-05-07 15:02:41.989781
50250000,-50.0,2023-05-07 15:02:44.532280
50300000,-50.0,2023-05-07 15:02:47.005780
50350000,-50.0,2023-05-07 15:02:49.392779
50400000,-50.0,2023-05-07 15:02:51.821285
50450000,-50.0,2023-05-07 15:02:54.224279
50500000,-45.0,2023-05-07 15:02:56.752779
50550000,-45.0,2023-05-07 15:02:59.152280
50600000,-50.0,2023-05-07 15:03:01.449279
50650000,-50.0,2023-05-07 15:03:03.809281
50700000,-35.0,2023-05-07 15:03:06.092282
50750000,-45.0,2023-05-07 15:03:08.465783
50800000,-45.0,2023-05-07 15:03:10.815280
50850000,-50.0,2023-05-07 15:03:13.279281
50900000,-45.0,2023-05-07 15:03:15.728782
50950000,-50.0,2023-05-07 15:03:18.271279
51000000,-50.0,2023-05-07 15:03:20.716781
51050000,-45.0,2023-05-07 15:03:23.179280
51100000,-50.0,2023-05-07 15:03:25.601280
51150000,-45.0,2023-05-07 15:03:28.184783
51200000,-50.0,2023-05-07 15:03:30.577781
51250000,-45.0,2023-05-07 15:03:32.925281
51300000,-50.0,2023-05-07 15:03:35.419779
51350000,-50.0,2023-05-07 15:03:37.974782
51400000,-50.0,2023-05-07 15:03:40.648280
51450000,-50.0,2023-05-07 15:03:42.991780
51500000,-45.0,2023-05-07 15:03:45.414780
51550000,-50.0,2023-05-07 15:03:47.841780
51600000,-50.0,2023-05-07 15:03:50.247780
51650000,-50.0,2023-05-07 15:03:52.725280
51700000,-50.0,2023-05-07 15:03:55.088781
51750000,-45.0,2023-05-07 15:03:57.505780
51800000,-50.0,2023-05-07 15:04:00.019280
51850000,-50.0,2023-05-07 15:04:02.333781
51900000,-45.0,2023-05-07 15:04:04.727282
51950000,-50.0,2023-05-07 15:04:07.205780
52000000,-50.0,2023-05-07 15:04:09.600780
52050000,-50.0,2023-05-07 15:04:12.062783
52100000,-50.0,2023-05-07 15:04:14.399280
52150000,-50.0,2023-05-07 15:04:16.862280
52200000,-45.0,2023-05-07 15:04:19.305282
52250000,-50.0,2023-05-07 15:04:21.671280
52300000,-50.0,2023-05-07 15:04:24.088280
52350000,-50.0,2023-05-07 15:04:26.517280
52400000,-50.0,2023-05-07 15:04:29.205280
52450000,-50.0,2023-05-07 15:04:31.474779
52500000,-50.0,2023-05-07 15:04:33.786781
52550000,-50.0,2023-05-07 15:04:36.189780
52600000,-40.0,2023-05-07 15:04:38.623780
52650000,-50.0,2023-05-07 15:04:41.074280
52700000,-45.0,2023-05-07 15:04:43.440281
52750000,-45.0,2023-05-07 15:04:45.722781
52800000,-50.0,2023-05-07 15:04:48.233781
52850000,-45.0,2023-05-07 15:04:50.690780
52900000,-50.0,2023-05-07 15:04:53.137283
52950000,-40.0,2023-05-07 15:04:55.478279
53000000,-45.0,2023-05-07 15:04:58.022779
53050000,-50.0,2023-05-07 15:05:00.587780
53100000,-50.0,2023-05-07 15:05:02.994280
53150000,-50.0,2023-05-07 15:05:05.629781
53200000,-50.0,2023-05-07 15:05:08.270780
53250000,-35.0,2023-05-07 15:05:10.725781
53300000,-45.0,2023-05-07 15:05:13.302282
53350000,-50.0,2023-05-07 15:05:15.877779
53400000,-50.0,2023-05-07 15:05:18.578779
53450000,-50.0,2023-05-07 15:05:21.130281
53500000,-45.0,2023-05-07 15:05:23.554279
53550000,-50.0,2023-05-07 15:05:26.107283
53600000,-50.0,2023-05-07 15:05:28.717781
53650000,-50.0,2023-05-07 15:05:31.297779
53700000,-45.0,2023-05-07 15:05:33.853781
53750000,-50.0,2023-05-07 15:05:36.293780
53800000,-50.0,2023-05-07 15:05:39.015781
53850000,-50.0,2023-05-07 15:05:41.391783
53900000,-50.0,2023-05-07 15:05:43.729280
53950000,-45.0,2023-05-07 15:05:46.205780
54000000,-50.0,2023-05-07 15:05:48.629283
54050000,-45.0,2023-05-07 15:05:51.202783
54100000,-50.0,2023-05-07 15:05:53.746781
54150000,-50.0,2023-05-07 15:05:56.162279
54200000,-50.0,2023-05-07 15:05:58.727780
54250000,-50.0,2023-05-07 15:06:01.282782
54300000,-50.0,2023-05-07 15:06:03.735283
54350000,-50.0,2023-05-07 15:06:06.353780
54400000,-50.0,2023-05-07 15:06:09.062780
54450000,-50.0,2023-05-07 15:06:11.416280
54500000,-50.0,2023-05-07 15:06:13.832280
54550000,-45.0,2023-05-07 15:06:16.326781
54600000,-50.0,2023-05-07 15:06:19.074780
54650000,-45.0,2023-05-07 15:06:21.672780
54700000,-50.0,2023-05-07 15:06:24.113280
54750000,-40.0,2023-05-07 15:06:26.762780
54800000,-50.0,2023-05-07 15:06:29.476781
54850000,-45.0,2023-05-07 15:06:31.957780
54900000,-50.0,2023-05-07 15:06:34.422280
54950000,-50.0,2023-05-07 15:06:36.993780
55000000,-50.0,2023-05-07 15:06:39.579280
55050000,-50.0,2023-05-07 15:06:42.196283
55100000,-50.0,2023-05-07 15:06:44.742280
55150000,-50.0,2023-05-07 15:06:47.297781
55200000,-50.0,2023-05-07 15:06:49.961279
55250000,-45.0,2023-05-07 15:06:52.544282
55300000,-45.0,2023-05-07 15:06:55.049279
55350000,-50.0,2023-05-07 15:06:57.651781
55400000,-45.0,2023-05-07 15:07:00.240281
55450000,-50.0,2023-05-07 15:07:02.897780
55500000,-50.0,2023-05-07 15:07:05.373281
55550000,-50.0,2023-05-07 15:07:07.859782
55600000,-50.0,2023-05-07 15:07:10.475779
55650000,-45.0,2023-05-07 15:07:13.005780
55700000,-50.0,2023-05-07 15:07:15.483782
55750000,-50.0,2023-05-07 15:07:18.079781
55800000,-50.0,2023-05-07 15:07:20.725279
55850000,-50.0,2023-05-07 15:07:23.402780
55900000,-50.0,2023-05-07 15:07:26.043781
55950000,-50.0,2023-05-07 15:07:28.605781
56000000,-50.0,2023-05-07 15:07:31.207780
56050000,-45.0,2023-05-07 15:07:33.724280
56100000,-45.0,2023-05-07 15:07:36.252780
56150000,-50.0,2023-05-07 15:07:38.968780
56200000,-50.0,2023-05-07 15:07:41.559279
56250000,-45.0,2023-05-07 15:07:44.199781
56300000,-50.0,2023-05-07 15:07:46.811780
56350000,-45.0,2023-05-07 15:07:49.400282
56400000,-45.0,2023-05-07 15:07:52.063280
56450000,-50.0,2023-05-07 15:07:54.678780
56500000,-50.0,2023-05-07 15:07:57.337280
56550000,-45.0,2023-05-07 15:08:00.032780
56600000,-50.0,2023-05-07 15:08:02.649282
56650000,-50.0,2023-05-07 15:08:05.307281
56700000,-45.0,2023-05-07 15:08:07.872780
56750000,-50.0,2023-05-07 15:08:10.529781
56800000,-50.0,2023-05-07 15:08:13.031783
56850000,-45.0,2023-05-07 15:08:15.513780
56900000,-45.0,2023-05-07 15:08:18.096281
56950000,-50.0,2023-05-07 15:08:20.661781
57000000,-50.0,2023-05-07 15:08:23.268281
57050000,-50.0,2023-05-07 15:08:25.831280
57100000,-50.0,2023-05-07 15:08:28.349780
57150000,-45.0,2023-05-07 15:08:30.874280
57200000,-50.0,2023-05-07 15:08:33.280780
57250000,-50.0,2023-05-07 15:08:35.808280
57300000,-50.0,2023-05-07 15:08:38.368283
57350000,-50.0,2023-05-07 15:08:40.959279
57400000,-50.0,2023-05-07 15:08:43.503781
57450000,-45.0,2023-05-07 15:08:45.979780
57500000,-45.0,2023-05-07 15:08:48.615281
57550000,-45.0,2023-05-07 15:08:51.422779
57600000,-50.0,2023-05-07 15:08:53.934279
57650000,-45.0,2023-05-07 15:08:56.440280
57700000,-50.0,2023-05-07 15:08:59.022779
57750000,-50.0,2023-05-07 15:09:01.588780
57800000,-50.0,2023-05-07 15:09:04.097781
57850000,-50.0,2023-05-07 15:09:06.571780
57900000,-50.0,2023-05-07 15:09:09.143779
57950000,-50.0,2023-05-07 15:09:11.851783
58000000,-50.0,2023-05-07 15:09:14.324782
58050000,-50.0,2023-05-07 15:09:16.765280
58100000,-50.0,2023-05-07 15:09:19.212279
58150000,-50.0,2023-05-07 15:09:21.766280
58200000,-45.0,2023-05-07 15:09:24.300781
58250000,-45.0,2023-05-07 15:09:26.730780
58300000,-50.0,2023-05-07 15:09:29.302780
58350000,-50.0,2023-05-07 15:09:31.866279
58400000,-50.0,2023-05-07 15:09:34.307782
58450000,-45.0,2023-05-07 15:09:36.691282
58500000,-45.0,2023-05-07 15:09:39.157779
58550000,-45.0,2023-05-07 15:09:41.639280
58600000,-50.0,2023-05-07 15:09:44.273279
58650000,-50.0,2023-05-07 15:09:46.661281
58700000,-50.0,2023-05-07 15:09:49.025780
58750000,-45.0,2023-05-07 15:09:51.506279
58800000,-50.0,2023-05-07 15:09:53.983280
58850000,-50.0,2023-05-07 15:09:56.463280
58900000,-50.0,2023-05-07 15:09:59.009779
58950000,-50.0,2023-05-07 15:10:01.526280
59000000,-50.0,2023-05-07 15:10:04.086280
59050000,-50.0,2023-05-07 15:10:06.488781
59100000,-50.0,2023-05-07 15:10:08.864279
59150000,-50.0,2023-05-07 15:10:11.290781
59200000,-50.0,2023-05-07 15:10:13.765280
59250000,-50.0,2023-05-07 15:10:16.223780
59300000,-50.0,2023-05-07 15:10:18.596780
59350000,-40.0,2023-05-07 15:10:21.152279
59400000,-50.0,2023-05-07 15:10:23.689280
59450000,-50.0,2023-05-07 15:10:26.105280
59500000,-50.0,2023-05-07 15:10:28.528780
59550000,-50.0,2023-05-07 15:10:30.881280
59600000,-50.0,2023-05-07 15:10:33.186779
59650000,-50.0,2023-05-07 15:10:35.575781
59700000,-50.0,2023-05-07 15:10:37.995782
59750000,-50.0,2023-05-07 15:10:40.483780
59800000,-45.0,2023-05-07 15:10:42.866279
59850000,-50.0,2023-05-07 15:10:45.280780
59900000,-45.0,2023-05-07 15:10:47.712783
59950000,-50.0,2023-05-07 15:10:50.146280
60000000,-45.0,2023-05-07 15:10:52.566780
60050000,-50.0,2023-05-07 15:10:54.991780
60100000,-45.0,2023-05-07 15:10:57.238281
60150000,-50.0,2023-05-07 15:10:59.725280
60200000,-50.0,2023-05-07 15:11:02.202280
60250000,-50.0,2023-05-07 15:11:04.536281
60300000,-45.0,2023-05-07 15:11:06.870280
60350000,-50.0,2023-05-07 15:11:09.295280
60400000,-45.0,2023-05-07 15:11:11.722780
60450000,-40.0,2023-05-07 15:11:14.104283
60500000,-50.0,2023-05-07 15:11:16.567779
60550000,-50.0,2023-05-07 15:11:19.022280
60600000,-50.0,2023-05-07 15:11:21.418280
60650000,-50.0,2023-05-07 15:11:23.877780
60700000,-45.0,2023-05-07 15:11:26.260280
60750000,-50.0,2023-05-07 15:11:28.680780
60800000,-50.0,2023-05-07 15:11:31.090780
60850000,-45.0,2023-05-07 15:11:33.463280
60900000,-50.0,2023-05-07 15:11:35.953779
60950000,-50.0,2023-05-07 15:11:38.344279
61000000,-50.0,2023-05-07 15:11:40.769280
61050000,-50.0,2023-05-07 15:11:43.184281
61100000,-50.0,2023-05-07 15:11:45.564281
61150000,-50.0,2023-05-07 15:11:47.921781
61200000,-50.0,2023-05-07 15:11:50.249781
61250000,-45.0,2023-05-07 15:11:52.643779
61300000,-50.0,2023-05-07 15:11:55.009780
61350000,-50.0,2023-05-07 15:11:57.320279
61400000,-50.0,2023-05-07 15:11:59.860781
61450000,-50.0,2023-05-07 15:12:02.383779
61500000,-50.0,2023-05-07 15:12:04.795280
61550000,-50.0,2023-05-07 15:12:07.215780
61600000,-50.0,2023-05-07 15:12:09.529784
61650000,-50.0,2023-05-07 15:12:11.976781
61700000,-45.0,2023-05-07 15:12:14.312279
61750000,-50.0,2023-05-07 15:12:16.676280
61800000,-50.0,2023-05-07 15:12:19.003780
61850000,-50.0,2023-05-07 15:12:21.373783
61900000,-50.0,2023-05-07 15:12:24.113279
61950000,-45.0,2023-05-07 15:12:26.381279
62000000,-50.0,2023-05-07 15:12:28.727279
62050000,-45.0,2023-05-07 15:12:31.173280
62100000,-50.0,2023-05-07 15:12:33.455780
62150000,-50.0,2023-05-07 15:12:35.951782
62200000,-45.0,2023-05-07 15:12:38.288280
62250000,-50.0,2023-05-07 15:12:40.727780
62300000,-45.0,2023-05-07 15:12:43.224780
62350000,-50.0,2023-05-07 15:12:45.652284
62400000,-40.0,2023-05-07 15:12:48.110280
62450000,-45.0,2023-05-07 15:12:50.414779
62500000,-50.0,2023-05-07 15:12:52.801779
62550000,-50.0,2023-05-07 15:12:55.161779
62600000,-45.0,2023-05-07 15:12:57.472279
62650000,-50.0,2023-05-07 15:12:59.842282
62700000,-45.0,2023-05-07 15:13:02.319279
62750000,-50.0,2023-05-07 15:13:04.788279
62800000,-40.0,2023-05-07 15:13:07.280281
62850000,-50.0,2023-05-07 15:13:09.701279
62900000,-50.0,2023-05-07 15:13:12.306780
62950000,-45.0,2023-05-07 15:13:14.721279
63000000,-45.0,2023-05-07 15:13:17.102780
63050000,-50.0,2023-05-07 15:13:19.489780
63100000,-45.0,2023-05-07 15:13:21.944280
63150000,-45.0,2023-05-07 15:13:24.465280
63200000,-50.0,2023-05-07 15:13:26.894281
63250000,-50.0,2023-05-07 15:13:29.285781
63300000,-45.0,2023-05-07 15:13:31.703280
63350000,-50.0,2023-05-07 15:13:34.296280
63400000,-45.0,2023-05-07 15:13:36.705780
63450000,-50.0,2023-05-07 15:13:39.076281
63500000,-50.0,2023-05-07 15:13:41.529781
63550000,-40.0,2023-05-07 15:13:43.978280
63600000,-45.0,2023-05-07 15:13:46.354281
63650000,-50.0,2023-05-07 15:13:48.731781
63700000,-50.0,2023-05-07 15:13:51.204780
63750000,-50.0,2023-05-07 15:13:53.563781
63800000,-50.0,2023-05-07 15:13:56.039781
63850000,-50.0,2023-05-07 15:13:58.449780
63900000,-45.0,2023-05-07 15:14:00.855780
63950000,-50.0,2023-05-07 15:14:03.296780
64000000,-50.0,2023-05-07 15:14:05.763281
64050000,-50.0,2023-05-07 15:14:08.149282
64100000,-45.0,2023-05-07 15:14:10.567780
64150000,-45.0,2023-05-07 15:14:12.971281
64200000,-50.0,2023-05-07 15:14:15.480781
64250000,-45.0,2023-05-07 15:14:17.869779
64300000,-45.0,2023-05-07 15:14:20.379779
64350000,-45.0,2023-05-07 15:14:22.959280
64400000,-50.0,2023-05-07 15:14:25.537779
64450000,-45.0,2023-05-07 15:14:27.885280
64500000,-50.0,2023-05-07 15:14:30.242279
64550000,-50.0,2023-05-07 15:14:32.930780
64600000,-45.0,2023-05-07 15:14:35.227280
64650000,-40.0,2023-05-07 15:14:37.632280
64700000,-50.0,2023-05-07 15:14:39.943281
64750000,-50.0,2023-05-07 15:14:42.460780
64800000,-50.0,2023-05-07 15:14:45.086783
64850000,-45.0,2023-05-07 15:14:47.597280
64900000,-50.0,2023-05-07 15:14:49.986781
64950000,-50.0,2023-05-07 15:14:52.421281
65000000,-50.0,2023-05-07 15:14:54.802780
65050000,-45.0,2023-05-07 15:14:57.208282
65100000,-45.0,2023-05-07 15:14:59.574782
65150000,-50.0,2023-05-07 15:15:01.918280
65200000,-45.0,2023-05-07 15:15:04.479780
65250000,-45.0,2023-05-07 15:15:06.757780
65300000,-50.0,2023-05-07 15:15:09.145779
65350000,-45.0,2023-05-07 15:15:11.656781
65400000,-50.0,2023-05-07 15:15:13.994779
65450000,-45.0,2023-05-07 15:15:16.351281
65500000,-50.0,2023-05-07 15:15:18.740781
65550000,-50.0,2023-05-07 15:15:21.135282
65600000,-50.0,2023-05-07 15:15:23.643280
65650000,-50.0,2023-05-07 15:15:26.292780
65700000,-50.0,2023-05-07 15:15:28.690281
65750000,-50.0,2023-05-07 15:15:31.107281
65800000,-50.0,2023-05-07 15:15:33.658280
65850000,-50.0,2023-05-07 15:15:36.103280
65900000,-50.0,2023-05-07 15:15:38.594280
65950000,-50.0,2023-05-07 15:15:40.992281
66000000,-50.0,2023-05-07 15:15:43.484282
66050000,-40.0,2023-05-07 15:15:46.038780
66100000,-50.0,2023-05-07 15:15:48.568280
66150000,-50.0,2023-05-07 15:15:50.937280
66200000,-50.0,2023-05-07 15:15:53.587279
66250000,-45.0,2023-05-07 15:15:56.170284
66300000,-45.0,2023-05-07 15:15:58.665281
66350000,-45.0,2023-05-07 15:16:01.021280
66400000,-50.0,2023-05-07 15:16:03.490779
66450000,-45.0,2023-05-07 15:16:06.060780
66500000,-50.0,2023-05-07 15:16:08.588782
66550000,-45.0,2023-05-07 15:16:10.961783
66600000,-40.0,2023-05-07 15:16:13.416779
66650000,-50.0,2023-05-07 15:16:15.893780
66700000,-50.0,2023-05-07 15:16:18.334781
66750000,-45.0,2023-05-07 15:16:20.797281
66800000,-50.0,2023-05-07 15:16:23.167280
66850000,-45.0,2023-05-07 15:16:25.577781
66900000,-50.0,2023-05-07 15:16:28.075281
66950000,-50.0,2023-05-07 15:16:30.545784
67000000,-50.0,2023-05-07 15:16:33.140280
67050000,-45.0,2023-05-07 15:16:35.678780
67100000,-50.0,2023-05-07 15:16:38.168779
67150000,-50.0,2023-05-07 15:16:40.641780
67200000,-50.0,2023-05-07 15:16:43.025280
67250000,-45.0,2023-05-07 15:16:45.783281
67300000,-50.0,2023-05-07 15:16:48.333781
67350000,-50.0,2023-05-07 15:16:50.727282
67400000,-50.0,2023-05-07 15:16:53.306781
67450000,-45.0,2023-05-07 15:16:55.774781
67500000,-50.0,2023-05-07 15:16:58.364782
67550000,-50.0,2023-05-07 15:17:00.975780
67600000,-45.0,2023-05-07 15:17:03.553780
67650000,-50.0,2023-05-07 15:17:06.214780
67700000,-50.0,2023-05-07 15:17:08.950280
67750000,-50.0,2023-05-07 15:17:11.373781
67800000,-45.0,2023-05-07 15:17:13.991280
67850000,-45.0,2023-05-07 15:17:16.592280
67900000,-50.0,2023-05-07 15:17:19.266780
67950000,-50.0,2023-05-07 15:17:21.801780
68000000,-45.0,2023-05-07 15:17:24.439779
68050000,-45.0,2023-05-07 15:17:27.005280
68100000,-50.0,2023-05-07 15:17:29.830780
68150000,-40.0,2023-05-07 15:17:32.530783
68200000,-50.0,2023-05-07 15:17:35.191779
68250000,-45.0,2023-05-07 15:17:38.000781
68300000,-50.0,2023-05-07 15:17:40.704781
68350000,-45.0,2023-05-07 15:17:43.274280
68400000,-45.0,2023-05-07 15:17:45.915284
68450000,-45.0,2023-05-07 15:17:48.569280
68500000,-40.0,2023-05-07 15:17:51.117281
68550000,-50.0,2023-05-07 15:17:53.688279
68600000,-45.0,2023-05-07 15:17:56.347783
68650000,-50.0,2023-05-07 15:17:59.038281
68700000,-50.0,2023-05-07 15:18:01.447282
68750000,-40.0,2023-05-07 15:18:03.970280
68800000,-50.0,2023-05-07 15:18:06.632780
68850000,-45.0,2023-05-07 15:18:09.375281
68900000,-45.0,2023-05-07 15:18:12.010280
68950000,-50.0,2023-05-07 15:18:14.611279
69000000,-50.0,2023-05-07 15:18:17.140280
69050000,-50.0,2023-05-07 15:18:19.842780
69100000,-50.0,2023-05-07 15:18:22.228782
69150000,-50.0,2023-05-07 15:18:24.733781
69200000,-50.0,2023-05-07 15:18:27.293779
69250000,-50.0,2023-05-07 15:18:29.832780
69300000,-50.0,2023-05-07 15:18:32.371281
69350000,-50.0,2023-05-07 15:18:34.839780
69400000,-50.0,2023-05-07 15:18:37.498781
69450000,-50.0,2023-05-07 15:18:40.145279
69500000,-45.0,2023-05-07 15:18:42.754782
69550000,-50.0,2023-05-07 15:18:45.204281
69600000,-50.0,2023-05-07 15:18:47.772279
69650000,-50.0,2023-05-07 15:18:50.204782
69700000,-50.0,2023-05-07 15:18:52.665782
69750000,-45.0,2023-05-07 15:18:55.131281
69800000,-50.0,2023-05-07 15:18:57.648281
69850000,-50.0,2023-05-07 15:19:00.102780
69900000,-40.0,2023-05-07 15:19:02.608780
69950000,-50.0,2023-05-07 15:19:05.076283
70000000,-50.0,2023-05-07 15:19:07.631779
70050000,-45.0,2023-05-07 15:19:10.331779
70100000,-45.0,2023-05-07 15:19:12.639779
70150000,-50.0,2023-05-07 15:19:15.062780
70200000,-50.0,2023-05-07 15:19:17.516281
70250000,-50.0,2023-05-07 15:19:19.950780
70300000,-45.0,2023-05-07 15:19:22.485285
70350000,-50.0,2023-05-07 15:19:24.964280
70400000,-45.0,2023-05-07 15:19:27.656779
70450000,-50.0,2023-05-07 15:19:30.188281
70500000,-40.0,2023-05-07 15:19:32.513782
70550000,-50.0,2023-05-07 15:19:34.981781
70600000,-40.0,2023-05-07 15:19:37.343782
70650000,-50.0,2023-05-07 15:19:39.687780
70700000,-50.0,2023-05-07 15:19:42.233282
70750000,-50.0,2023-05-07 15:19:44.625281
70800000,-40.0,2023-05-07 15:19:47.253279
70850000,-45.0,2023-05-07 15:19:49.715779
70900000,-40.0,2023-05-07 15:19:52.112283
70950000,-45.0,2023-05-07 15:19:54.627280
71000000,-50.0,2023-05-07 15:19:57.029780
71050000,-45.0,2023-05-07 15:19:59.458779
71100000,-45.0,2023-05-07 15:20:01.870780
71150000,-45.0,2023-05-07 15:20:04.342785
71200000,-45.0,2023-05-07 15:20:06.914284
71250000,-50.0,2023-05-07 15:20:09.546280
71300000,-45.0,2023-05-07 15:20:11.987779
71350000,-45.0,2023-05-07 15:20:14.564780
71400000,-50.0,2023-05-07 15:20:17.040781
71450000,-50.0,2023-05-07 15:20:19.500779
71500000,-50.0,2023-05-07 15:20:21.969780
71550000,-45.0,2023-05-07 15:20:24.414282
71600000,-45.0,2023-05-07 15:20:26.939780
71650000,-50.0,2023-05-07 15:20:29.560281
71700000,-50.0,2023-05-07 15:20:32.120280
71750000,-45.0,2023-05-07 15:20:34.614280
71800000,-45.0,2023-05-07 15:20:37.239780
71850000,-50.0,2023-05-07 15:20:39.818779
71900000,-50.0,2023-05-07 15:20:42.391280
71950000,-50.0,2023-05-07 15:20:44.813780
72000000,-50.0,2023-05-07 15:20:47.299279
72050000,-50.0,2023-05-07 15:20:49.751780
72100000,-45.0,2023-05-07 15:20:52.361782
72150000,-50.0,2023-05-07 15:20:54.783780
72200000,-45.0,2023-05-07 15:20:57.249280
72250000,-45.0,2023-05-07 15:20:59.856780
72300000,-50.0,2023-05-07 15:21:02.403282
72350000,-50.0,2023-05-07 15:21:04.734781
72400000,-50.0,2023-05-07 15:21:07.356279
72450000,-50.0,2023-05-07 15:21:09.750779
72500000,-50.0,2023-05-07 15:21:12.142780
72550000,-40.0,2023-05-07 15:21:14.639280
72600000,-50.0,2023-05-07 15:21:16.999280
72650000,-45.0,2023-05-07 15:21:19.529279
72700000,-50.0,2023-05-07 15:21:21.989280
72750000,-50.0,2023-05-07 15:21:24.420281
72800000,-50.0,2023-05-07 15:21:26.892782
72850000,-50.0,2023-05-07 15:21:29.461281
72900000,-45.0,2023-05-07 15:21:31.899280
72950000,-50.0,2023-05-07 15:21:34.261780
73000000,-45.0,2023-05-07 15:21:36.630279
73050000,-45.0,2023-05-07 15:21:39.027780
73100000,-50.0,2023-05-07 15:21:41.363279
73150000,-50.0,2023-05-07 15:21:43.756280
73200000,-45.0,2023-05-07 15:21:46.132780
73250000,-50.0,2023-05-07 15:21:48.573780
73300000,-50.0,2023-05-07 15:21:51.334782
73350000,-50.0,2023-05-07 15:21:53.634280
73400000,-45.0,2023-05-07 15:21:55.977279
73450000,-50.0,2023-05-07 15:21:58.329780
73500000,-45.0,2023-05-07 15:22:00.755279
73550000,-45.0,2023-05-07 15:22:03.357781
73600000,-50.0,2023-05-07 15:22:05.831281
73650000,-45.0,2023-05-07 15:22:08.260780
73700000,-50.0,2023-05-07 15:22:10.715780
73750000,-45.0,2023-05-07 15:22:13.107280
73800000,-50.0,2023-05-07 15:22:15.712782
73850000,-45.0,2023-05-07 15:22:18.049281
73900000,-45.0,2023-05-07 15:22:20.544781
73950000,-50.0,2023-05-07 15:22:23.045780
74000000,-50.0,2023-05-07 15:22:25.416283
74050000,-45.0,2023-05-07 15:22:27.937280
74100000,-45.0,2023-05-07 15:22:30.279280
74150000,-45.0,2023-05-07 15:22:32.812780
74200000,-50.0,2023-05-07 15:22:35.215280
74250000,-50.0,2023-05-07 15:22:37.660782
74300000,-50.0,2023-05-07 15:22:40.201780
74350000,-45.0,2023-05-07 15:22:42.828780
74400000,-45.0,2023-05-07 15:22:45.184780
74450000,-50.0,2023-05-07 15:22:47.601280
74500000,-50.0,2023-05-07 15:22:49.931279
74550000,-50.0,2023-05-07 15:22:52.420281
74600000,-50.0,2023-05-07 15:22:54.757280
74650000,-50.0,2023-05-07 15:22:57.235779
74700000,-50.0,2023-05-07 15:22:59.815780
74750000,-50.0,2023-05-07 15:23:02.193782
74800000,-50.0,2023-05-07 15:23:04.710280
74850000,-50.0,2023-05-07 15:23:07.260280
74900000,-45.0,2023-05-07 15:23:09.844280
74950000,-40.0,2023-05-07 15:23:12.320280
75000000,-50.0,2023-05-07 15:23:14.769783
75050000,-45.0,2023-05-07 15:23:17.205280
75100000,-45.0,2023-05-07 15:23:19.871279
75150000,-45.0,2023-05-07 15:23:22.425780
75200000,-45.0,2023-05-07 15:23:24.951282
75250000,-45.0,2023-05-07 15:23:27.382279
75300000,-50.0,2023-05-07 15:23:29.909279
75350000,-50.0,2023-05-07 15:23:32.600780
75400000,-45.0,2023-05-07 15:23:35.052780
75450000,-40.0,2023-05-07 15:23:37.528280
75500000,-45.0,2023-05-07 15:23:40.098784
75550000,-50.0,2023-05-07 15:23:42.674780
75600000,-50.0,2023-05-07 15:23:45.074780
75650000,-50.0,2023-05-07 15:23:47.584780
75700000,-50.0,2023-05-07 15:23:50.106282
75750000,-50.0,2023-05-07 15:23:52.852779
75800000,-45.0,2023-05-07 15:23:55.421281
75850000,-45.0,2023-05-07 15:23:57.779279
75900000,-50.0,2023-05-07 15:24:00.262783
75950000,-45.0,2023-05-07 15:24:02.941281
76000000,-45.0,2023-05-07 15:24:05.394280
76050000,-45.0,2023-05-07 15:24:07.828781
76100000,-50.0,2023-05-07 15:24:10.470284
76150000,-45.0,2023-05-07 15:24:13.027779
76200000,-50.0,2023-05-07 15:24:15.549283
76250000,-50.0,2023-05-07 15:24:18.043279
76300000,-45.0,2023-05-07 15:24:20.639779
76350000,-50.0,2023-05-07 15:24:23.222282
76400000,-45.0,2023-05-07 15:24:25.593781
76450000,-50.0,2023-05-07 15:24:27.977783
76500000,-45.0,2023-05-07 15:24:30.541780
76550000,-50.0,2023-05-07 15:24:33.203281
76600000,-50.0,2023-05-07 15:24:35.890781
76650000,-50.0,2023-05-07 15:24:38.460282
76700000,-40.0,2023-05-07 15:24:40.933279
76750000,-45.0,2023-05-07 15:24:43.529782
76800000,-50.0,2023-05-07 15:24:46.033781
76850000,-50.0,2023-05-07 15:24:48.501781
76900000,-50.0,2023-05-07 15:24:51.097779
76950000,-50.0,2023-05-07 15:24:53.683781
77000000,-50.0,2023-05-07 15:24:56.233280
77050000,-45.0,2023-05-07 15:24:58.808280
77100000,-50.0,2023-05-07 15:25:01.422283
77150000,-50.0,2023-05-07 15:25:04.015281
77200000,-45.0,2023-05-07 15:25:06.446779
77250000,-50.0,2023-05-07 15:25:08.964280
77300000,-50.0,2023-05-07 15:25:11.424780
77350000,-50.0,2023-05-07 15:25:13.924280
77400000,-45.0,2023-05-07 15:25:16.468280
77450000,-50.0,2023-05-07 15:25:18.983280
77500000,-45.0,2023-05-07 15:25:21.544780
77550000,-45.0,2023-05-07 15:25:24.057780
77600000,-50.0,2023-05-07 15:25:26.553282
77650000,-40.0,2023-05-07 15:25:29.023780
77700000,-50.0,2023-05-07 15:25:31.577283
77750000,-50.0,2023-05-07 15:25:34.160780
77800000,-45.0,2023-05-07 15:25:36.638282
77850000,-50.0,2023-05-07 15:25:39.206780
77900000,-50.0,2023-05-07 15:25:41.770779
77950000,-50.0,2023-05-07 15:25:44.263281
78000000,-50.0,2023-05-07 15:25:46.667779
78050000,-45.0,2023-05-07 15:25:49.134280
78100000,-50.0,2023-05-07 15:25:51.680781
78150000,-45.0,2023-05-07 15:25:54.227280
78200000,-50.0,2023-05-07 15:25:56.729281
78250000,-45.0,2023-05-07 15:25:59.191281
78300000,-50.0,2023-05-07 15:26:01.669282
78350000,-45.0,2023-05-07 15:26:04.200781
78400000,-50.0,2023-05-07 15:26:06.690280
78450000,-50.0,2023-05-07 15:26:09.181280
78500000,-45.0,2023-05-07 15:26:11.721279
78550000,-50.0,2023-05-07 15:26:14.424780
78600000,-45.0,2023-05-07 15:26:16.913283
78650000,-45.0,2023-05-07 15:26:19.351781
78700000,-50.0,2023-05-07 15:26:21.865280
78750000,-50.0,2023-05-07 15:26:24.514282
78800000,-45.0,2023-05-07 15:26:27.197781
78850000,-50.0,2023-05-07 15:26:29.584779
78900000,-50.0,2023-05-07 15:26:32.122781
78950000,-45.0,2023-05-07 15:26:34.576784
79000000,-50.0,2023-05-07 15:26:36.949779
79050000,-50.0,2023-05-07 15:26:39.511281
79100000,-40.0,2023-05-07 15:26:41.918780
79150000,-50.0,2023-05-07 15:26:44.346782
79200000,-50.0,2023-05-07 15:26:46.824780
79250000,-50.0,2023-05-07 15:26:49.238283
79300000,-45.0,2023-05-07 15:26:51.856779
79350000,-45.0,2023-05-07 15:26:54.341780
79400000,-50.0,2023-05-07 15:26:56.750279
79450000,-45.0,2023-05-07 15:26:59.225780
79500000,-50.0,2023-05-07 15:27:01.668780
79550000,-50.0,2023-05-07 15:27:04.124780
79600000,-50.0,2023-05-07 15:27:06.501780
79650000,-50.0,2023-05-07 15:27:08.892280
79700000,-45.0,2023-05-07 15:27:11.469280
79750000,-50.0,2023-05-07 15:27:13.962783
79800000,-50.0,2023-05-07 15:27:16.585280
79850000,-50.0,2023-05-07 15:27:19.058780
79900000,-45.0,2023-05-07 15:27:21.553783
79950000,-50.0,2023-05-07 15:27:24.009780
80000000,-50.0,2023-05-07 15:27:26.348780
80050000,-50.0,2023-05-07 15:27:28.843779
80100000,-40.0,2023-05-07 15:27:31.383780
80150000,-50.0,2023-05-07 15:27:33.842781
80200000,-50.0,2023-05-07 15:27:36.420780
80250000,-50.0,2023-05-07 15:27:38.896280
80300000,-45.0,2023-05-07 15:27:41.326279
80350000,-50.0,2023-05-07 15:27:43.875780
80400000,-50.0,2023-05-07 15:27:46.426283
80450000,-50.0,2023-05-07 15:27:48.875280
80500000,-50.0,2023-05-07 15:27:51.394780
80550000,-50.0,2023-05-07 15:27:54.067280
80600000,-50.0,2023-05-07 15:27:56.600281
80650000,-50.0,2023-05-07 15:27:59.076283
80700000,-50.0,2023-05-07 15:28:01.579282
80750000,-45.0,2023-05-07 15:28:04.092281
80800000,-50.0,2023-05-07 15:28:06.480780
80850000,-45.0,2023-05-07 15:28:08.878783
80900000,-45.0,2023-05-07 15:28:11.422279
80950000,-50.0,2023-05-07 15:28:13.945281
81000000,-50.0,2023-05-07 15:28:16.384282
81050000,-50.0,2023-05-07 15:28:18.860781
81100000,-50.0,2023-05-07 15:28:21.323282
81150000,-50.0,2023-05-07 15:28:23.862783
81200000,-50.0,2023-05-07 15:28:26.393779
81250000,-45.0,2023-05-07 15:28:28.844280
81300000,-50.0,2023-05-07 15:28:31.296781
81350000,-50.0,2023-05-07 15:28:33.832780
81400000,-40.0,2023-05-07 15:28:36.496782
81450000,-50.0,2023-05-07 15:28:38.973780
81500000,-50.0,2023-05-07 15:28:41.552281
81550000,-45.0,2023-05-07 15:28:44.029780
81600000,-50.0,2023-05-07 15:28:46.583281
81650000,-50.0,2023-05-07 15:28:49.167782
81700000,-40.0,2023-05-07 15:28:51.659280
81750000,-45.0,2023-05-07 15:28:54.422280
81800000,-45.0,2023-05-07 15:28:57.276781
81850000,-50.0,2023-05-07 15:28:59.729781
81900000,-50.0,2023-05-07 15:29:02.322281
81950000,-50.0,2023-05-07 15:29:04.827780
82000000,-50.0,2023-05-07 15:29:07.350280
82050000,-45.0,2023-05-07 15:29:09.875782
82100000,-50.0,2023-05-07 15:29:12.241780
82150000,-50.0,2023-05-07 15:29:14.868280
82200000,-50.0,2023-05-07 15:29:17.382782
82250000,-50.0,2023-05-07 15:29:19.838281
82300000,-50.0,2023-05-07 15:29:22.379280
82350000,-50.0,2023-05-07 15:29:24.914281
82400000,-45.0,2023-05-07 15:29:27.549280
82450000,-40.0,2023-05-07 15:29:30.043282
82500000,-50.0,2023-05-07 15:29:32.714282
82550000,-50.0,2023-05-07 15:29:35.263782
82600000,-50.0,2023-05-07 15:29:37.970281
82650000,-50.0,2023-05-07 15:29:40.525281
82700000,-45.0,2023-05-07 15:29:43.102280
82750000,-50.0,2023-05-07 15:29:45.660781
82800000,-50.0,2023-05-07 15:29:48.276282
82850000,-50.0,2023-05-07 15:29:50.747280
82900000,-45.0,2023-05-07 15:29:53.349280
82950000,-50.0,2023-05-07 15:29:55.845782
83000000,-50.0,2023-05-07 15:29:58.400780
83050000,-45.0,2023-05-07 15:30:01.032280
83100000,-50.0,2023-05-07 15:30:03.488780
83150000,-50.0,2023-05-07 15:30:06.061780
83200000,-50.0,2023-05-07 15:30:08.505782
83250000,-45.0,2023-05-07 15:30:10.954780
83300000,-50.0,2023-05-07 15:30:13.504281
83350000,-50.0,2023-05-07 15:30:16.068779
83400000,-50.0,2023-05-07 15:30:18.813281
83450000,-45.0,2023-05-07 15:30:21.417284
83500000,-45.0,2023-05-07 15:30:23.914781
83550000,-45.0,2023-05-07 15:30:26.401279
83600000,-50.0,2023-05-07 15:30:28.943779
83650000,-50.0,2023-05-07 15:30:31.496280
83700000,-45.0,2023-05-07 15:30:34.184280
83750000,-50.0,2023-05-07 15:30:37.022280
83800000,-45.0,2023-05-07 15:30:39.595280
83850000,-50.0,2023-05-07 15:30:42.088781
83900000,-50.0,2023-05-07 15:30:44.825782
83950000,-50.0,2023-05-07 15:30:47.373780
84000000,-50.0,2023-05-07 15:30:49.900280
84050000,-50.0,2023-05-07 15:30:52.605280
84100000,-40.0,2023-05-07 15:30:55.333282
84150000,-50.0,2023-05-07 15:30:58.062780
84200000,-45.0,2023-05-07 15:31:00.689780
84250000,-50.0,2023-05-07 15:31:03.313780
84300000,-50.0,2023-05-07 15:31:05.918780
84350000,-50.0,2023-05-07 15:31:08.705280
84400000,-45.0,2023-05-07 15:31:11.280280
84450000,-50.0,2023-05-07 15:31:13.926281
84500000,-50.0,2023-05-07 15:31:16.566781
84550000,-45.0,2023-05-07 15:31:19.312280
84600000,-50.0,2023-05-07 15:31:21.830281
84650000,-45.0,2023-05-07 15:31:24.441280
84700000,-40.0,2023-05-07 15:31:26.982281
84750000,-50.0,2023-05-07 15:31:29.692780
84800000,-50.0,2023-05-07 15:31:32.243280
84850000,-50.0,2023-05-07 15:31:34.908781
84900000,-50.0,2023-05-07 15:31:37.555280
84950000,-50.0,2023-05-07 15:31:40.051780
85000000,-50.0,2023-05-07 15:31:42.713782
85050000,-50.0,2023-05-07 15:31:45.405781
85100000,-50.0,2023-05-07 15:31:48.009280
85150000,-50.0,2023-05-07 15:31:50.512780
85200000,-50.0,2023-05-07 15:31:53.148280
85250000,-50.0,2023-05-07 15:31:55.889780
85300000,-50.0,2023-05-07 15:31:58.449282
85350000,-45.0,2023-05-07 15:32:01.018781
85400000,-45.0,2023-05-07 15:32:03.518780
85450000,-45.0,2023-05-07 15:32:06.146780
85500000,-50.0,2023-05-07 15:32:08.759780
85550000,-45.0,2023-05-07 15:32:11.324782
85600000,-50.0,2023-05-07 15:32:13.897280
85650000,-40.0,2023-05-07 15:32:16.586281
85700000,-45.0,2023-05-07 15:32:19.263282
85750000,-45.0,2023-05-07 15:32:21.712780
85800000,-50.0,2023-05-07 15:32:24.277780
85850000,-50.0,2023-05-07 15:32:26.916280
85900000,-45.0,2023-05-07 15:32:29.570281
85950000,-50.0,2023-05-07 15:32:32.029281
86000000,-50.0,2023-05-07 15:32:34.671780
86050000,-50.0,2023-05-07 15:32:37.279280
86100000,-50.0,2023-05-07 15:32:39.907280
86150000,-50.0,2023-05-07 15:32:42.537282
86200000,-45.0,2023-05-07 15:32:45.174283
86250000,-45.0,2023-05-07 15:32:47.797280
86300000,-40.0,2023-05-07 15:32:50.413781
86350000,-50.0,2023-05-07 15:32:52.892281
86400000,-50.0,2023-05-07 15:32:55.572781
86450000,-50.0,2023-05-07 15:32:58.295280
86500000,-50.0,2023-05-07 15:33:01.018281
86550000,-45.0,2023-05-07 15:33:03.665281
86600000,-50.0,2023-05-07 15:33:06.313281
86650000,-50.0,2023-05-07 15:33:08.954783
86700000,-50.0,2023-05-07 15:33:11.533280
86750000,-50.0,2023-05-07 15:33:14.214280
86800000,-50.0,2023-05-07 15:33:16.833780
86850000,-50.0,2023-05-07 15:33:19.500281
86900000,-45.0,2023-05-07 15:33:22.118281
86950000,-50.0,2023-05-07 15:33:24.592780
87000000,-50.0,2023-05-07 15:33:27.335781
87050000,-50.0,2023-05-07 15:33:30.004280
87100000,-50.0,2023-05-07 15:33:32.645780
87150000,-50.0,2023-05-07 15:33:35.273281
87200000,-45.0,2023-05-07 15:33:37.950280
87250000,-50.0,2023-05-07 15:33:40.570781
87300000,-50.0,2023-05-07 15:33:43.222280
87350000,-50.0,2023-05-07 15:33:45.841781
87400000,-50.0,2023-05-07 15:33:48.588779
87450000,-50.0,2023-05-07 15:33:51.119280
87500000,-50.0,2023-05-07 15:33:53.681780
87550000,-50.0,2023-05-07 15:33:56.311781
87600000,-50.0,2023-05-07 15:33:59.228779
87650000,-50.0,2023-05-07 15:34:01.924780
87700000,-50.0,2023-05-07 15:34:04.534780
87750000,-50.0,2023-05-07 15:34:07.356780
87800000,-50.0,2023-05-07 15:34:10.111283
87850000,-50.0,2023-05-07 15:34:12.574282
87900000,-50.0,2023-05-07 15:34:15.171780
87950000,-50.0,2023-05-07 15:34:17.842780
88000000,-50.0,2023-05-07 15:34:20.449782
88050000,-45.0,2023-05-07 15:34:22.974280
88100000,-50.0,2023-05-07 15:34:25.629280
88150000,-40.0,2023-05-07 15:34:28.301780
88200000,-50.0,2023-05-07 15:34:30.825280
88250000,-50.0,2023-05-07 15:34:33.528280
88300000,-50.0,2023-05-07 15:34:36.083780
88350000,-50.0,2023-05-07 15:34:38.667282
88400000,-45.0,2023-05-07 15:34:41.403780
88450000,-50.0,2023-05-07 15:34:44.065280
88500000,-50.0,2023-05-07 15:34:46.765781
88550000,-50.0,2023-05-07 15:34:49.380779
88600000,-45.0,2023-05-07 15:34:51.945780
88650000,-50.0,2023-05-07 15:34:54.491279
88700000,-50.0,2023-05-07 15:34:57.204283
88750000,-50.0,2023-05-07 15:34:59.810780
88800000,-45.0,2023-05-07 15:35:02.389780
88850000,-50.0,2023-05-07 15:35:04.946780
88900000,-50.0,2023-05-07 15:35:07.492280
88950000,-50.0,2023-05-07 15:35:10.118781
89000000,-50.0,2023-05-07 15:35:12.800280
89050000,-50.0,2023-05-07 15:35:15.364780
89100000,-45.0,2023-05-07 15:35:18.080781
89150000,-50.0,2023-05-07 15:35:20.857780
89200000,-44.9,2023-05-07 15:35:23.540779
89250000,-50.0,2023-05-07 15:35:26.027780
89300000,-40.0,2023-05-07 15:35:28.668780
89350000,-50.0,2023-05-07 15:35:31.334281
89400000,-50.0,2023-05-07 15:35:33.923781
89450000,-50.0,2023-05-07 15:35:36.632779
89500000,-50.0,2023-05-07 15:35:39.328281
89550000,-45.0,2023-05-07 15:35:42.046280
89600000,-50.0,2023-05-07 15:35:44.498282
89650000,-50.0,2023-05-07 15:35:47.093780
89700000,-50.0,2023-05-07 15:35:49.597780
89750000,-50.0,2023-05-07 15:35:52.178280
89800000,-50.0,2023-05-07 15:35:54.753781
89850000,-50.0,2023-05-07 15:35:57.283280
89900000,-45.0,2023-05-07 15:35:59.983781
89950000,-50.0,2023-05-07 15:36:02.515780
90000000,-50.0,2023-05-07 15:36:05.118782
90050000,-50.0,2023-05-07 15:36:08.036280
90100000,-50.0,2023-05-07 15:36:10.709779
90150000,-50.0,2023-05-07 15:36:13.239780
90200000,-50.0,2023-05-07 15:36:15.846280
90250000,-50.0,2023-05-07 15:36:18.490280
90300000,-40.0,2023-05-07 15:36:21.235780
90350000,-50.0,2023-05-07 15:36:23.991781
90400000,-50.0,2023-05-07 15:36:26.513780
90450000,-45.0,2023-05-07 15:36:29.091780
90500000,-45.0,2023-05-07 15:36:31.703783
90550000,-45.0,2023-05-07 15:36:34.233280
90600000,-45.0,2023-05-07 15:36:36.789279
90650000,-45.0,2023-05-07 15:36:39.503280
90700000,-50.0,2023-05-07 15:36:42.114283
90750000,-45.0,2023-05-07 15:36:44.748282
90800000,-50.0,2023-05-07 15:36:47.456279
90850000,-40.0,2023-05-07 15:36:50.006780
90900000,-50.0,2023-05-07 15:36:52.761280
90950000,-50.0,2023-05-07 15:36:55.442780
91000000,-45.0,2023-05-07 15:36:58.121279
91050000,-50.0,2023-05-07 15:37:00.630280
91100000,-45.0,2023-05-07 15:37:03.236782
91150000,-50.0,2023-05-07 15:37:05.831783
91200000,-50.0,2023-05-07 15:37:08.301279
91250000,-50.0,2023-05-07 15:37:10.942280
91300000,-45.0,2023-05-07 15:37:13.480780
91350000,-50.0,2023-05-07 15:37:16.044281
91400000,-50.0,2023-05-07 15:37:18.765781
91450000,-50.0,2023-05-07 15:37:21.367280
91500000,-50.0,2023-05-07 15:37:24.011280
91550000,-50.0,2023-05-07 15:37:26.627781
91600000,-50.0,2023-05-07 15:37:29.135780
91650000,-45.0,2023-05-07 15:37:31.997283
91700000,-50.0,2023-05-07 15:37:34.592782
91750000,-50.0,2023-05-07 15:37:37.130281
91800000,-45.0,2023-05-07 15:37:40.033780
91850000,-45.0,2023-05-07 15:37:42.748280
91900000,-50.0,2023-05-07 15:37:45.286781
91950000,-50.0,2023-05-07 15:37:47.846279
92000000,-44.9,2023-05-07 15:37:50.439780
92050000,-50.0,2023-05-07 15:37:53.017282
92100000,-50.0,2023-05-07 15:37:55.634780
92150000,-50.0,2023-05-07 15:37:58.315279
92200000,-50.0,2023-05-07 15:38:00.929280
92250000,-50.0,2023-05-07 15:38:03.607281
92300000,-45.0,2023-05-07 15:38:06.279279
92350000,-45.0,2023-05-07 15:38:08.868782
92400000,-40.0,2023-05-07 15:38:11.631780
92450000,-50.0,2023-05-07 15:38:14.241279
92500000,-50.0,2023-05-07 15:38:16.745783
92550000,-50.0,2023-05-07 15:38:19.304780
92600000,-50.0,2023-05-07 15:38:22.066280
92650000,-50.0,2023-05-07 15:38:24.634780
92700000,-50.0,2023-05-07 15:38:27.193780
92750000,-50.0,2023-05-07 15:38:29.830282
92800000,-50.0,2023-05-07 15:38:32.507780
92850000,-45.0,2023-05-07 15:38:35.057780
92900000,-45.0,2023-05-07 15:38:37.632780
92950000,-45.0,2023-05-07 15:38:40.192780
93000000,-45.0,2023-05-07 15:38:42.820282
93050000,-50.0,2023-05-07 15:38:45.485281
93100000,-50.0,2023-05-07 15:38:48.085780
93150000,-50.0,2023-05-07 15:38:50.818780
93200000,-50.0,2023-05-07 15:38:53.389285
93250000,-50.0,2023-05-07 15:38:55.906780
93300000,-45.0,2023-05-07 15:38:58.518780
93350000,-50.0,2023-05-07 15:39:01.207783
93400000,-50.0,2023-05-07 15:39:03.863282
93450000,-50.0,2023-05-07 15:39:06.408280
93500000,-45.0,2023-05-07 15:39:09.089284
93550000,-50.0,2023-05-07 15:39:11.708279
93600000,-50.0,2023-05-07 15:39:14.268281
93650000,-50.0,2023-05-07 15:39:16.884280
93700000,-50.0,2023-05-07 15:39:19.690783
93750000,-50.0,2023-05-07 15:39:22.514780
93800000,-50.0,2023-05-07 15:39:25.123280
93850000,-45.0,2023-05-07 15:39:27.675780
93900000,-45.0,2023-05-07 15:39:30.295282
93950000,-40.0,2023-05-07 15:39:33.047282
94000000,-50.0,2023-05-07 15:39:35.695780
94050000,-50.0,2023-05-07 15:39:38.333280
94100000,-50.0,2023-05-07 15:39:40.920783
94150000,-50.0,2023-05-07 15:39:43.442281
94200000,-39.6,2023-05-07 15:39:46.008780
94250000,-50.0,2023-05-07 15:39:48.575280
94300000,-45.0,2023-05-07 15:39:51.214280
94350000,-50.0,2023-05-07 15:39:53.905282
94400000,-35.0,2023-05-07 15:39:56.462780
94450000,-50.0,2023-05-07 15:39:59.107779
94500000,-50.0,2023-05-07 15:40:01.809779
94550000,-50.0,2023-05-07 15:40:04.349282
94600000,-50.0,2023-05-07 15:40:07.019280
94650000,-50.0,2023-05-07 15:40:09.650281
94700000,-45.0,2023-05-07 15:40:12.278780
94750000,-45.0,2023-05-07 15:40:14.894280
94800000,-50.0,2023-05-07 15:40:17.480281
94850000,-50.0,2023-05-07 15:40:20.121279
94900000,-45.0,2023-05-07 15:40:22.821780
94950000,-40.0,2023-05-07 15:40:25.437280
95000000,-50.0,2023-05-07 15:40:28.014780
95050000,-50.0,2023-05-07 15:40:30.943783
95100000,-50.0,2023-05-07 15:40:33.777280
95150000,-45.0,2023-05-07 15:40:36.239779
95200000,-50.0,2023-05-07 15:40:38.998780
95250000,-50.0,2023-05-07 15:40:41.764781
95300000,-45.0,2023-05-07 15:40:44.397281
95350000,-45.0,2023-05-07 15:40:47.033280
95400000,-50.0,2023-05-07 15:40:49.822279
95450000,-50.0,2023-05-07 15:40:52.476281
95500000,-50.0,2023-05-07 15:40:55.072783
95550000,-50.0,2023-05-07 15:40:57.721779
95600000,-50.0,2023-05-07 15:41:00.460280
95650000,-45.0,2023-05-07 15:41:03.213779
95700000,-50.0,2023-05-07 15:41:05.811780
95750000,-50.0,2023-05-07 15:41:08.547281
95800000,-50.0,2023-05-07 15:41:11.299779
95850000,-50.0,2023-05-07 15:41:13.848781
95900000,-50.0,2023-05-07 15:41:16.479283
95950000,-45.0,2023-05-07 15:41:19.197280
96000000,-50.0,2023-05-07 15:41:22.131279
96050000,-50.0,2023-05-07 15:41:24.881780
96100000,-50.0,2023-05-07 15:41:27.494280
96150000,-50.0,2023-05-07 15:41:30.161280
96200000,-35.0,2023-05-07 15:41:32.749780
96250000,-45.0,2023-05-07 15:41:35.471780
96300000,-45.0,2023-05-07 15:41:38.109782
96350000,-50.0,2023-05-07 15:41:40.738783
96400000,-50.0,2023-05-07 15:41:43.514284
96450000,-50.0,2023-05-07 15:41:46.114780
96500000,-50.0,2023-05-07 15:41:48.729281
96550000,-45.0,2023-05-07 15:41:51.361280
96600000,-45.0,2023-05-07 15:41:54.087279
96650000,-45.6,2023-05-07 15:41:56.831280
96700000,-50.0,2023-05-07 15:41:59.512782
96750000,-45.0,2023-05-07 15:42:02.239780
96800000,-45.0,2023-05-07 15:42:05.109781
96850000,-50.0,2023-05-07 15:42:07.675781
96900000,-50.0,2023-05-07 15:42:10.312280
96950000,-50.0,2023-05-07 15:42:12.980779
97000000,-40.0,2023-05-07 15:42:15.568780
97050000,-50.0,2023-05-07 15:42:18.158780
97100000,-50.0,2023-05-07 15:42:20.803780
97150000,-50.0,2023-05-07 15:42:23.638280
97200000,-50.0,2023-05-07 15:42:26.307280
97250000,-40.0,2023-05-07 15:42:28.945281
97300000,-45.2,2023-05-07 15:42:31.581280
97350000,-45.0,2023-05-07 15:42:34.300279
97400000,-50.0,2023-05-07 15:42:36.846780
97450000,-50.0,2023-05-07 15:42:39.405782
97500000,-50.0,2023-05-07 15:42:42.025282
97550000,-50.0,2023-05-07 15:42:44.750781
97600000,-50.0,2023-05-07 15:42:47.407280
97650000,-50.0,2023-05-07 15:42:50.059280
97700000,-45.0,2023-05-07 15:42:52.778280
97750000,-50.0,2023-05-07 15:42:55.529779
97800000,-50.0,2023-05-07 15:42:58.106781
97850000,-50.0,2023-05-07 15:43:00.663780
97900000,-40.0,2023-05-07 15:43:03.291782
97950000,-50.0,2023-05-07 15:43:05.980282
98000000,-50.0,2023-05-07 15:43:08.538280
98050000,-45.0,2023-05-07 15:43:11.211779
98100000,-50.0,2023-05-07 15:43:13.778780
98150000,-50.0,2023-05-07 15:43:16.457780
98200000,-45.0,2023-05-07 15:43:18.993782
98250000,-45.0,2023-05-07 15:43:21.465280
98300000,-50.0,2023-05-07 15:43:24.021279
98350000,-50.0,2023-05-07 15:43:26.703280
98400000,-50.0,2023-05-07 15:43:29.314780
98450000,-50.0,2023-05-07 15:43:31.929780
98500000,-50.0,2023-05-07 15:43:34.641280
98550000,-50.0,2023-05-07 15:43:37.238280
98600000,-50.0,2023-05-07 15:43:39.821781
98650000,-50.0,2023-05-07 15:43:42.633280
98700000,-40.0,2023-05-07 15:43:45.320780
98750000,-50.0,2023-05-07 15:43:47.903781
98800000,-45.0,2023-05-07 15:43:50.444784
98850000,-50.0,2023-05-07 15:43:52.976281
98900000,-50.0,2023-05-07 15:43:55.589281
98950000,-50.0,2023-05-07 15:43:58.277281
99000000,-50.0,2023-05-07 15:44:00.985280
99050000,-50.0,2023-05-07 15:44:03.773281
99100000,-50.0,2023-05-07 15:44:06.585783
99150000,-50.0,2023-05-07 15:44:09.309280
99200000,-50.0,2023-05-07 15:44:11.891280
99250000,-50.0,2023-05-07 15:44:14.642280
99300000,-50.0,2023-05-07 15:44:17.183283
99350000,-50.0,2023-05-07 15:44:19.767280
99400000,-50.0,2023-05-07 15:44:22.498283
99450000,-50.0,2023-05-07 15:44:25.226779
99500000,-50.0,2023-05-07 15:44:27.735281
99550000,-50.0,2023-05-07 15:44:30.323780
99600000,-45.0,2023-05-07 15:44:32.897780
99650000,-50.0,2023-05-07 15:44:35.514280
99700000,-50.0,2023-05-07 15:44:38.093782
99750000,-50.0,2023-05-07 15:44:40.597783
99800000,-45.0,2023-05-07 15:44:43.159779
99850000,-45.0,2023-05-07 15:44:45.881780
99900000,-50.0,2023-05-07 15:44:48.457780
99950000,-45.0,2023-05-07 15:44:50.972782
